Level1,Level2,Level3,Level4,Level5,Number,Address
Diaspora,Africa de Sud,Pretoria,,,1,"877 Justice Mahomed str. Brooklyn, Pretoria 0181"
Diaspora,Africa de Sud,Cape Town,,,2,"Helderberg House, 24 Highwick Drive, Kemilworth, 7708, Cape Town"
Diaspora,Republica Albania,Tirana,,,3,"str. e Elbasanit, nr.303, Sauk, cod poștal 1044, Tirana"
Diaspora,Algeria,Alger,,,4,"24, rue Abri Arezki, Hydra, cod poștal 16035, Alger"
Diaspora,Angola,Luanda,,,5,"Rua Ramalho Ortigão, nr. 30, Bairro Alvalade, Luanda"
Diaspora,Regatul Arabiei Saudite,Riyadh,,,6,"Amin al Rihany, building no 2747, villa no 8, zip code 12273"
Diaspora,Argentina,Buenos Aires,,,7,"Calle Arroyo, nr. 962-970, cod poștal 1007AAD, Orașul Autonom Buenos Aires"
Diaspora,Armenia,Erevan,,,8,"Strada Barbusse, nr. 15, cartier Arabkir, cod poștal  0028, Erevan"
Diaspora,Australia,Canberra,,,9,"4 Dalman Crescent, O'Malley, Act, 2606"
Diaspora,Australia,Melbourne,,,10,"Suite 10.01 A, etaj 10, 5 Queens Road, Melbourne 3004 Victoria"
Diaspora,Australia,Adelaide,,,11,"32/34 Rosa St, Goodwood  5034 South Australia"
Diaspora,Australia,Perth,,,12,"8 Clive Street, West Perth 6005, Western Australia"
Diaspora,Noua Zeelandă,Auckland,,,13,"Etaj 16, 56 Wakefield Street, Auckland CBD, Auckland 1010"
Diaspora,Australia,Sydney,,,14,"Suite 4, GF/83 York Street, Sydney, NSW, 2000"
Diaspora,Australia,Surfers Paradise,,,15,"Suite 1, 66 Appel Street, Surfers Paradise, QLD, 4217"
Diaspora,Austria,Viena 1,,,16,"Prinz Eugen Strasse 60, 1040, Viena"
Diaspora,Austria,Viena 2,,,17,"Prinz Eugen Strasse 60, 1040, Viena"
Diaspora,Austria,Viena 3,,,18,"Theresianumgasse 25, 1040, Viena"
Diaspora,Austria,Viena 4,,,19,"Argentinierstrasse 39, 1040, Viena"
Diaspora,Austria,Viena 5,,,20,"Argentinierstrasse 39, 1040, Viena"
Diaspora,Austria,Viena 6,,,21,"Gasometer Spielraum - Guglgasse 8/Gasometer B, Spielraum, etajul 1, 1110, Viena"
Diaspora,Austria,Eisenstadt,,,22,"Hotel Galantha - Esterhazyplatz 3, 7000, Eisenstadt"
Diaspora,Austria,Graz 1,,,23,"Hotel Europa Graz - Bahnhofgürtel 89, 8020, Graz"
Diaspora,Austria,Graz 2,,,24,"Hotel Europa Graz - Bahnhofgürtel 89, 8020, Graz"
Diaspora,Austria,Sankt Pölten,,,25,"Landhausplatz 1, Haus 17A, sala 17A.E01, 3100, Sankt Pölten"
Diaspora,Austria,Salzburg 1,,,26,"Rudolfskai 50, 5020 Salzburg"
Diaspora,Austria,Salzburg 2,,,27,"Rudolfskai 50, 5020 Salzburg"
Diaspora,Austria,Bregenz,,,28,"Hotel Messmer, Kornmarktstraße 16, 6900 Bregenz"
Diaspora,Austria,Innsbruck,,,29,"Novum Innsbruck Mitte, Amraser Straße 31, 6020 Innsbruck"
Diaspora,Austria,Klagenfurt,,,30,"Bahnstraße 89, 9020 Klagenfurt"
Diaspora,Austria,Linz 1,,,31,"Bischöfliches Priesterseminar der Diözese Linz, Harrachstraße 7, 4020 Linz"
Diaspora,Austria,Linz 2,,,32,"Bischöfliches Priesterseminar der Diözese Linz, Harrachstraße 7, 4020 Linz"
Diaspora,Azerbaidjan,Baku,,,33,"B-dul Akad. Hasan Aliyev, nr. 125 A (Narimanov), cod AZ1110, Baku"
Diaspora,Republica Belarus,Minsk,,,34,"Kaliningradski pereulok nr. 12, cod 220012, Minsk"
Diaspora,Belgia,Bruxelles 1,,,35,"Rue Gabrielle 105, 1180 Uccle"
Diaspora,Belgia,Bruxelles 2,,,36,"Avenue de Cortenbergh 71, 1000 Bruxelles"
Diaspora,Belgia,Bruxelles 3,,,37,"Avenue de Cortenbergh 71, 1000 Bruxelles"
Diaspora,Belgia,Bruxelles 4,,,38,"Avenue de Cortenbergh nr. 107, 1000 Bruxelles"
Diaspora,Belgia,Bruxelles 5,,,39,"Rue Gabrielle 107, 1180 Uccle"
Diaspora,Belgia,Bruxelles 6,,,40,"Tour & Taxis - Rue Picard 7, Gare Maritime, 1000 Bruxelles"
Diaspora,Belgia,Bruxelles 7,,,41,"Tour & Taxis - Rue Picard 7, Gare Maritime, 1000 Bruxelles"
Diaspora,Belgia,Bruxelles 8,,,42,"Tour & Taxis - Rue Picard 7, Gare Maritime, 1000 Bruxelles"
Diaspora,Belgia,Bruxelles 9,,,43,"Tour & Taxis - Rue Picard 7, Gare Maritime, 1000 Bruxelles"
Diaspora,Belgia,Bruxelles 10,,,44,"Rue Saint-Francois 63, 1210 Saint-Josse-ten-Noode"
Diaspora,Belgia,Bruxelles 11,,,45,"Rue Saint-Francois 63, 1210 Saint-Josse-ten-Noode"
Diaspora,Belgia,Antwerpen 1,,,46,"Blue Point Antwerpen, Filip Williotstraat 9, 2600 Antwerpen"
Diaspora,Belgia,Antwerpen 2,,,47,"Blue Point Antwerpen, Filip Williotstraat 9, 2600 Antwerpen"
Diaspora,Belgia,Arlon,,,48,"Rue du Musee 10, 6700 Arlon"
Diaspora,Belgia,Bruges 1,,,49,"Zeebrugge, Marktplein 12, 8380 Brugge"
Diaspora,Belgia,Bruges 2,,,50,"Zeebrugge, Marktplein 12, 8380 Brugge"
Diaspora,Belgia,Charleroi,,,51,"Centre Espace Meeting Charleroi (CEME), Rue des Francais 147, 6020"
Diaspora,Belgia,Geel,,,52,"Stelen 77, 2440 Geel"
Diaspora,Belgia,Ghent,,,53,"Kinepolis Gent, Ter Platen 12, 9000 Ghent"
Diaspora,Belgia,Hasselt,,,54,"Het Volkstehuis, Kempische Kaai 11, 3500 Hasselt"
Diaspora,Belgia,Liège 1,,,55,"Palais de Congres de Liege, Esplanade de l'Europe 2/B, 4020 Liege"
Diaspora,Belgia,Liège 2,,,56,"Palais de Congres de Liege, Esplanade de l'Europe 2/B, 4020 Liege"
Diaspora,Belgia,Mons,,,57,"Lotto Mons Expo, Avenue Thomas Edison 2, 7000 Mons"
Diaspora,Belgia,Namur,,,58,"Auditorium Berthe Pouleur, Avenue Jean Materne 162, 5100 Namur"
Diaspora,Belgia,Roeselare 1,,,59,"Onze-Lieve-Vrouwemarkt 24, 8800 Roeselare"
Diaspora,Belgia,Roeselare 2,,,60,"Onze-Lieve-Vrouwemarkt 24, 8800 Roeselare"
Diaspora,Belgia,Sint-Niklaas,,,61,"Stationsplein 29c, 9100 Sint-Niklaas"
Diaspora,Belgia,Turnhout 1,,,62,"Campus Blairon 200, 2300 Turnhout"
Diaspora,Belgia,Turnhout 2,,,63,"Campus Blairon 200, 2300 Turnhout"
Diaspora,Bosnia și Herțegovina,Sarajevo,,,64,"Čobanija 28, 71000, Sarajevo"
Diaspora,Brazilia,Brasilia,,,65,"SEN 6 - Asa Norte, Avenida das Nações, Quadra 801 Lote 06, Brasília DF, cod poștal 70.800-917"
Diaspora,Brazilia,Chapeco,,,66,Avenida fernando machado 574 E- Centro cod postal 89814210 Chapeco
Diaspora,Brazilia,Rio de Janeiro,,,67,"Rua Cosme Velho, nr. 526, Rio de Janeiro, 22241-090"
Diaspora,Brazilia,São Paulo,,,68,"Rua São Carlos do Pinhal, nr. 200, São Paulo, 01333-000"
Diaspora,Bulgaria,Sofia,,,69,"Bd. Mihai Eminescu nr. 4, Sofia, cod poștal 1111"
Diaspora,Canada,Ottawa,,,70,"655 Rideau Street, Ottawa, ON, cod poștal K1N 6A3"
Diaspora,Canada,Calgary,,,71,"17 Millrise Dr. SW, Calgary, AB, cod poștal T2Y 0K7"
Diaspora,Canada,Moncton,,,72,"20 Mountain Road, Moncton, NB cod poștal E1C 2J8"
Diaspora,Canada,Quebec,,,73,"90 boul. des Etudiants, Quebec, QC, cod poștal G2A 1N5"
Diaspora,Canada,Toronto,,,74,"789 Don Mills Rd., North York, provincia Ontario, cod poștal M3C 1T5"
Diaspora,Canada,Hamilton,,,75,"20 Murray St. W., Hamilton, provincia Ontario, cod poștal L8L 1B2"
Diaspora,Canada,Kitchener,,,76,"2188 Shirley Dr., Kitchener, provincia Ontario, cod poștal N2B 0A6"
Diaspora,Canada,Windsor,,,77,"1960 Tecumseh Rd. E., Windsor, provincia Ontario, cod poștal N8W 1E1"
Diaspora,Canada,Winnipeg,,,78,"103 Furby St., Winnipeg, provincia Manitoba, cod poștal R3C 2A4"
Diaspora,Canada,Montreal 1,,,79,"1010 Rue Sherbrooke Ouest,et.6, #610, c.p.h3a 2r7"
Diaspora,Canada,Montreal 2,,,80,"1010 Rue Sherbrooke Ouest, et.15. #1516, c.p. h3a 2r7 (sala evenimente)"
Diaspora,Canada,Vancouver,,,81,"1165-555 Burrard Street, Vancouver, BC, V7X 1M8"
Diaspora,Canada,Edmonton,,,82,"9005 - 132 Avenue NW, Edmonton AB, T5E 0Y1"
Diaspora,Republica Cehă,Praga 1,,,83,"Strada Nerudova nr. 5, 118 00, Mala Strana, Praga 1"
Diaspora,Republica Cehă,Praga 2,,,84,"Strada Nerudova nr. 5, 118 00, Mala Strana, Praga 1"
Diaspora,Republica Cehă,Praga 3,,,85,"Strada Tržiště, nr. 20a, 118 00, Mala Strana, Praga 1"
Diaspora,Republica Chile,Santiago de Chile,,,86,"Santiago de Chile, Benjamin 2955, Las Condes, Regiunea Metropolitana, cod poștal 7550032"
Diaspora,Republica Populară Chineză,Beijing,,,87,"Str. Ritan Lu Dong Yi Jie, Districtul Chaoyang, cod poștal 100600, Beijing"
Diaspora,Republica Populară Chineză,Hong Kong,,,88,"03A Unit, 21 Floor, 148 Electric Road, North Point, Hong Kong"
Diaspora,Republica Populară Chineză,Shanghai,,,89,"502 Room, Honi International Plaza, 199 Chengdu North Road, Jing An District, Shanghai, 200041"
Diaspora,Republica Cipru,Nicosia 1,,,90,"27 Pireos street, 2023 Strovolos Nicosia"
Diaspora,Republica Cipru,Nicosia 2,,,91,"128 - 130 Lemessos Avenue, 2015, Strovolos Nicosia"
Diaspora,Republica Cipru,Larnaca,,,92,"Chamit Mpei street, 6045 Larnaca"
Diaspora,Republica Cipru,Limassol,,,93,"Lophitis Business Center, 28 October Avenue 249-I, Ground floor, 3035 Limassol"
Diaspora,Republica Cipru,Pafos,,,94,"Teatrul Attikon, Evagora Pallikaridi street, cod poștal 8010, Pafos, Cipru"
Diaspora,Republica Cipru,Poli Chrysochous,,,95,"Centrul Cultural, 15 Asinoi, street, cod poștal 8820, Poli Crysochous, Cipru"
Diaspora,Republica Cipru,Agros,,,96,"Școala Gimnazială Apeitou, 44 Kyriacou Apeitou str., 4860 Agros"
Diaspora,Republica Cipru,Deryneia,,,97,"Cultural Center, 35 Evagorou  str., 5385 Deryneia"
Diaspora,R.Columbia,Bogota,,,98,"Carrera 7 Nr. 92A-58, Chico, Bogota"
Diaspora,Republica Coreea,Seoul,,,99,"50 Jangmun-ro, Yongsan-gu, Seoul, 04393"
Diaspora,Republica Croația,Zagreb,,,100,"Mlinarska cesta 43, 10000"
Diaspora,Cuba,Havana,,,101,"Ave. 5ta A, no. 4407 e/44 y 46, Miramar, Playa, La Habana"
Diaspora,Danemarca,Copenhaga 1,,,102,"Institut français du Danemark, Rolighedsvej 37, 1958 Frederiksberg C, Copenhagen"
Diaspora,Danemarca,Copenhaga 2,,,103,"Institut français du Danemark, Rolighedsvej 37, 1958 Frederiksberg C, Copenhagen"
Diaspora,Danemarca,Taastrup,,,104,"3F Høje-Taastrup, Pile Allé 18-20, 2630 Taastrup"
Diaspora,Danemarca,Lyngby,,,105,"3F Mølleåen, Firskovvej 5, 2800 Kongens Lyngby"
Diaspora,Danemarca,Ringsted,,,106,"3F Midt & Østsjælland, Vibevej 12, 4100 Ringsted"
Diaspora,Danemarca,Odense,,,107,"Hotel Knudsens Gaard, Hunderupgade 2, 5230 Odense M"
Diaspora,Danemarca,Aabenraa,,,108,"Kirsebærhavens Aktivitetscenter- Brugerrådet, Kallemosen 58, 6200 Aabenraa"
Diaspora,Danemarca,Esbjerg,,,109,"Fødevareforbundet NNF Sydjylland- Esbjerg, Borgergade 2-4 6700, Esbjerg"
Diaspora,Danemarca,Vejle,,,110,"3F Vejle, Sjællandsgade 30, 7100 Vejle"
Diaspora,Danemarca,Ringkøbing,,,111,"3F Ringkøbing-Skjern, Byskellet 33, 6950 Ringkøbing"
Diaspora,Danemarca,Aarhus,,,112,"3F Aarhus Rymarken, Rymarken 4, 8210 Aarhus"
Diaspora,Danemarca,Skive,,,113,"Frivilligcenter,  Søndergade 16C, 7800 Skive"
Diaspora,Danemarca,Aalborg,,,114,"3F Aalborg, Hadsundvej 184, 9000 Aalborg"
Diaspora,Danemarca,Herning,,,115,"3F Midtjylland, Birk Centerpark 4, 7400 Herning"
Diaspora,Islanda,Reykjavik,,,116,"Fosshotel Reykjavík, Þórunnartún 1, 105 Reykjavík"
Diaspora,Egipt,Cairo,,,117,"6 Al Kamel Mohammed, Al Gabalayah, Zamalek, Cairo, cod poștal 4270122"
Diaspora,Elveția,Geneva,,,118,"Rue Vermont 37 - 39, 1202 Geneva"
Diaspora,Elveția,Cologny,,,119,"Chemin de la Perriere 6, 1223 Cologny"
Diaspora,Elveția,Berna,,,120,"Parohia ortodoxă română Sf. M. Mc. Gheorghe, Kastellweg 7, 3004 Bern"
Diaspora,Elveția,Basel,,,121,"Stellwerk, Vogesenplatz 1, 4056 Basel"
Diaspora,Elveția,Bellinzona,,,122,"Spazio Aperto, Via Gerretta 9a, 6500 Bellinzona"
Diaspora,Elveția,Lausanne,,,123,"IBIS Lausanne Crissier, Chem. de l'Esparcette 4, 1023 Lausanne"
Diaspora,Elveția,Zürich 1,,,124,"Radisson Blu Hotel, Rondellstrasse, 8058 Zürich Airport"
Diaspora,Elveția,Zürich 2,,,125,"Hilton Garden Inn Zürich Limmattal, Kreuzäckerstrasse 5, 8957 Spreitenbach"
Diaspora,Emiratele Arabe Unite,Abu Dhabi,,,126,"Abu Al Abyad Street, Villa nr. 15, Al Bateen area, cod poștal 70416, Abu Dhabi"
Diaspora,Emiratele Arabe Unite,Dubai 1,,,127,"Al Safa 2, str. 16A, Vila nr.8, Community 357, PO Box 333765, Dubai"
Diaspora,Emiratele Arabe Unite,Dubai 2,,,128,"Dubai World Trade Center, sala Sharjah A, Concourse 2, etaj 1, Sheikh Zayed Road, Dubai"
Diaspora,Estonia,Tallinn,,,129,"Rävala puiestee 5, etaj 5, cod poștal 10143, Tallinn"
Diaspora,Etiopia,Addis Abeba,,,130,"Kirkos subcity, Woreda 04, House no. 1142, P.O. box 2478"
Diaspora,Filipine,Manila,,,131,"150 Legaspi street, G.C.Corporate plaza, etaj 6, Legaspi Village, Makati city, cod poștal 1229, Manila"
Diaspora,Finlanda,Helsinki,,,132,"Stenbäckinkatu 24, cod poștal 00250, Helsinki"
Diaspora,Finlanda,Mariehamn,,,133,"Norragatan 10A, cod poștal 22100, Mariehamn"
Diaspora,Finlanda,Tampere,,,134,"Vuoreksen Puistokatu 94, cod poștal 33870, Tampere"
Diaspora,Finlanda,Turku,,,135,"Yliopistonkatu 19, cod poștal 20100, Turku"
Diaspora,Franța,Paris 1,,,136,"123 Rue Saint-Dominique, 75007 Paris"
Diaspora,Franța,Paris 2,,,137,"123 Rue Saint-Dominique, 75007 Paris"
Diaspora,Franța,Paris 3,,,138,"3 Rue de l'Exposition, 75007 Paris"
Diaspora,Franța,Paris 4,,,139,"1 Rue de l'Exposition, 75007 Paris"
Diaspora,Franța,Paris 5,,,140,"1 Rue de l'Exposition, 75007 Paris"
Diaspora,Franța,Rungis,,,141,"Hôtel Mercure Paris Orly Rungis Aéroport, 20 Avenue Charles Lindbergh, 94150 Rungis"
Diaspora,Franța,Issy-les-Moulineaux,,,142,"Salle municipale Micheline Ostermeyer, Promenade du Cœur de Ville, 92130 Issy-les-Moulineaux"
Diaspora,Franța,Rueil-Malmaison,,,143,"Salle La Passerelle, 13-15 rue Becquerel, 92500 Rueil-Malmaison"
Diaspora,Franța,Drancy,,,144,"Salle Paul Vaillant Couturier, 27 Rue Roger Petieu - bâtiment C - Esc F, 93700 Drancy"
Diaspora,Franța,La Courneuve,,,145,"Salle Philippe Roux, 58 Rue de la Convention, 93120 La Courneuve"
Diaspora,Franța,Le Blanc-Mesnil 1,,,146,"Centre Technique Municipal,2 Avenue Albert Einstein, 93150 Le Blanc-Mesnil"
Diaspora,Franța,Le Blanc-Mesnil 2,,,147,"Centre Technique Municipal,2 Avenue Albert Einstein, 93150 Le Blanc-Mesnil"
Diaspora,Franța,Le Blanc-Mesnil 3,,,148,"Centre Technique Municipal,2 Avenue Albert Einstein, 93150 Le Blanc-Mesnil"
Diaspora,Franța,Montreuil 1,,,149,"Sala Centrului cultural Ștefan cel Mare - 27 Rue de Roches, 93100 Montreuil"
Diaspora,Franța,Montreuil 2,,,150,"Salle Franklin, 60 Rue Franklin 93100 Montreuil"
Diaspora,Franța,Pantin,,,151,"Salle André Breton, 25 Rue du Pré Saint Gervais 93500 Pantin"
Diaspora,Franța,Bry-sur-Marne,,,152,"31-33 Rue des Clotais, 94360 Bry-sur-Marne"
Diaspora,Franța,Melun,,,153,"Maison des Associations Jean XXIII, 27 Rue Edmond Michelet, 77000 Melun"
Diaspora,Franța,Brest,,,154,"Salle Pierre Corre, 8 rue Pierre Corre, 29200 Brest"
Diaspora,Franța,Trappes,,,155,"Maison de la Boissière, 28 Rue du Centre, 78190 Trappes"
Diaspora,Franța,Le Mans,,,156,"Maison de Quartier Jean-Ferrat, 115 Rue des Sablons, 72100 Le Mans"
Diaspora,Franța,Calais,,,157,"Salle Municipale Paul Caron - petite salle, 2 Rue du Général Margueritte, 62100 Calais"
Diaspora,Franța,Bordeaux,,,158,"Chartreuse Saint-André, 194 Avenue du Maréchal-De-Lattre de Tassigny, 33200 Bordeaux"
Diaspora,Franța,Pessac,,,159,"Salle du Petit Foyer, 9 Rue des Poilus, 33600 Pessac"
Diaspora,Franța,Caen,,,160,"Maison de Quartier de la Grâce de Dieu, Place du Commerce, 14000 Caen"
Diaspora,Franța,Lille 1,,,161,"Conseil Régional Hauts-de-France, 151 Av. du Président Hoover, 59000 Lille"
Diaspora,Franța,Lille 2,,,162,"Conseil Régional Hauts-de-France, 151 Av. du Président Hoover, 59000 Lille"
Diaspora,Franța,Loudéac,,,163,"Bâtiment la Providence, Salle n° 3, 36 Rue de Moncontour, 22600 Loudéac"
Diaspora,Franța,Rennes,,,164,"Le Triangle - Cité de la danse, Boulevard de Yougoslavie, 35200 Rennes"
Diaspora,Franța,Nantes,,,165,"Centre d'affaires Nuage B Nantes, Immeuble Kanoa, 6 Rue René Viviani, 44200 Nantes"
Diaspora,Franța,Saint-Herblain,,,166,"Carré des services, 15 Rue d'Arras, 44800 Saint-Herblain"
Diaspora,Franța,Troyes,,,167,"Maison de Quartier des Marots, Salle Les Marots de Pouilly, 23 Rue Trouvassot, 10000 Troyes"
Diaspora,Franța,Aulnay-sous-Bois 1,,,168,"Foyer Dumont, 12 Boulevard Gallieni, 93600 Aulnay-sous-Bois"
Diaspora,Franța,Aulnay-sous-Bois 2,,,169,"Foyer Dumont, 12 Boulevard Gallieni, 93600 Aulnay-sous-Bois"
Diaspora,Franța,Gagny,,,170,"Club Paul Éluard, 18bis Allée des Chênes, 93220 Gagny"
Diaspora,Franța,Villeneuve-Saint-Georges,,,171,"Maison pour tous, Rue des Chênes, 94190 Villeneuve-Saint-Georges"
Diaspora,Franța,Champigny-sur-Marne,,,172,"Salle Georges Seguy, Maison des Associations, 191 Rue de Verdun, 94500 Champigny-sur-Marne"
Diaspora,Franța,Villemomble,,,173,"Médiathèque Robert Calméjane, Salle Mermoz, 118 Grande Rue, 93250 Villemomble"
Diaspora,Franța,Tours,,,174,"Salle du Parvis, 7 Rue Toulouse Lautrec, 37000 Tours"
Diaspora,Franța,Saran,,,175,"Hôtel Campanile Orléans Nord - Saran, 744 Route Nationale 20, Saran 45770"
Diaspora,Franța,Ivry-sur-Seine,,,176,"Espace Robespierre, 2 Rue Robespierre, 94200 Ivry-sur-Seine"
Diaspora,Franța,Rouen,,,177,"Maison de Quartier Cavelier de la Salle, 1 Rue Pierre Forfait, 76100 Rouen"
Diaspora,Franța,La Ferté-sous-Jouarre,,,178,"10 Allée du Jumelage, 77260 La Ferté-sous-Jouarre"
Diaspora,Franța,Beauvais,,,179,"98 Rue de Notre Dame du Thil, 60000 Beauvais"
Diaspora,Franța,Poissy,,,180,"Hôtel Restaurant L'Esturgeon, 6 Cours du 14 Juillet, 78300 Poissy"
Diaspora,Franța,Poitiers,,,181,17 Rue Salvador Allende 86000 Poitiers
Diaspora,Principatul Monaco,Monaco,,,182,"Hôtel Le Méridien Beach Plaza,22 Avenue Princesse Grâce, 98000 Monte Carlo, Monaco"
Diaspora,Franța,Lyon 1,,,183,"29 rue de Bonnel, 69003 Lyon"
Diaspora,Franța,Lyon 2,,,184,"111 rue Smith, 69002 Lyon"
Diaspora,Franța,Saint Genis Laval,,,185,"12 place des Collonges, 69230 Saint-Genis-Laval"
Diaspora,Franța,Saint Etienne,,,186,"4 rue Andre Malraux,42000 Saint-Etienne"
Diaspora,Franța,Dijon,,,187,"40 rue Léonard de Vinci, 21000 Dijon"
Diaspora,Franța,Clermont Ferrand,,,188,"120 avenue de la Republique, 63000 Clermont-Ferrand"
Diaspora,Franța,Ambilly/Annemasse,,,189,"2 rue de la Martiniere, 74100 Ambilly"
Diaspora,Franța,Saint-Martin-d'Héres/Grenoble,,,190,"10 place Paul Eluard, 38400 Saint-Martin-d'Heres"
Diaspora,Franța,Marsilia 1,,,191,"World Trade Center, 2 rue Henri Barbusse, 13001 Marseille"
Diaspora,Franța,Marsilia 2,,,192,"World Trade Center, 2 rue Henri Barbusse, 13001 Marseille"
Diaspora,Franța,Marignane,,,193,"Salle Jules Raimu, Place Compte de Grasse, 13700 Marignane"
Diaspora,Franța,Antibes,,,194,"Salle Pollyvalente du 8 Mai, Square du 8 Mai 1945, 06600 Antibes (Prés des Pecheurs/lânga Grand Roue)"
Diaspora,Franța,Nisa 1,,,195,"Service Elections, 4 Rue Ribotti,  06300 Nice"
Diaspora,Franța,Nisa 2,,,196,"Service Elections, 4 Rue Ribotti,  06300 Nice"
Diaspora,Franța,Montpellier,,,197,"Maison des Relations Internationales Nelson Mandela, 14 Descent en Barrat, 34000 Montpellier (Esplanade Charles de Gaulle)"
Diaspora,Franța,Toulouse,,,198,"Espace Francois Laffont, 1 Rue Leon Jouhaux, 31500 Toulouse"
Diaspora,Franța,Bastia (Corsica),,,199,"Centre culturel (Centru cultural) Alb'Oru, 13 Rue Saint-Exupery, 20600 Bastia"
Diaspora,Franța,Ajaccio (Corsica),,,200,"Salle de réunion DGA, 73 cours Napoleon, 20000 Ajaccio"
Diaspora,Franța,Strasbourg 1,,,201,"41 rue Schweighaeuser, 67000 Strasbourg"
Diaspora,Franța,Strasbourg 2,,,202,"41 rue Schweighaeuser, 67000 Strasbourg"
Diaspora,Franța,Colmar,,,203,"Parc des Expositions, avenue de la Foire aux Vins, 68000 Colmar"
Diaspora,Franța,Nancy,,,204,"Domaine de l'Asnee, 11 rue de Laxou, 54600 Villers-les-Nancy"
Diaspora,Georgia,Tbilisi,,,205,"Strada Lvovi nr. 7, cartier Saburtalo, Tbilisi, cod poștal 0160"
Diaspora,Germania,Berlin 1,,,206,"Dorotheenstr.62-66, cod poștal 10117, Berlin"
Diaspora,Germania,Berlin 2,,,207,"Dorotheenstr.62-66, cod poștal 10117, Berlin"
Diaspora,Germania,Berlin 3,,,208,"Dorotheenstr.62-66, cod poștal 10117, Berlin"
Diaspora,Germania,Braunschweig,,,209,"Ludwig-Winter-Straße 4, cod poștal 38120 Braunschweig"
Diaspora,Germania,Bremen,,,210,"An der Weide 50 A, cod poștal 28195, Bremen"
Diaspora,Germania,Dresden,,,211,"Dr. Külz-Ring 19, cod poștal 01067, Dresda"
Diaspora,Germania,Erfurt,,,212,"Leipziger Straße 15, cod poștal 99085, Erfurt"
Diaspora,Germania,Flensburg,,,213,"Ansgarstrasse 1, cod poștal 24944, Flensburg"
Diaspora,Germania,Hamburg 1,,,214,"Albert-Einstein-Ring 11-15, cod poștal 22761, Hamburg"
Diaspora,Germania,Hamburg 2,,,215,"Bürgerweide 31, cod poștal 20535, Hamburg"
Diaspora,Germania,Hanovra 1,,,216,"Dornierstr.2, cod poștal 30179, Hanovra"
Diaspora,Germania,Hanovra 2,,,217,"Dornierstr.2a, cod poștal 30179, Hanovra"
Diaspora,Germania,Kiel,,,218,"Waisenhofstraße 3, cod poștal  24103 Kiel"
Diaspora,Germania,Leipzig,,,219,"Russenstrasse 196, cod poștal 04288 Leipzig"
Diaspora,Germania,Rostock,,,220,"Am Kabutzenhof 20A, cod poștal 18057, Rostock"
Diaspora,Germania,Quakenbrück,,,221,"Oldenburger Strasse 10, cod poștal 49610, Quakenbrück"
Diaspora,Germania,Essen (Oldenburg),,,222,"Am Kirchplatz 3, cod poștal 49632, Essen (Oldenburg)"
Diaspora,Germania,Sögel,,,223,"Püttkesberge 13, cod poștal 49751, Sögel"
Diaspora,Germania,Bonn 1,,,224,"Legionsweg 14, 53117 Bonn"
Diaspora,Germania,Bonn 2,,,225,"Legionsweg 14, 53117 Bonn"
Diaspora,Germania,Beckum,,,226,"Volkshochschule - Antoniusstr. 5-7, 59269 Beckum"
Diaspora,Germania,Dortmund,,,227,"Grammophon Events, Eberstraße 30, 44145 Dortmund"
Diaspora,Germania,Duisburg,,,228,"Parohia Ortodoxă, Molbergstraße 14, 47249 Duisburg"
Diaspora,Germania,Düsseldorf,,,229,"Amt für Statistik und Wahlen; Mecumstraße 10, 40223 Düsseldorf"
Diaspora,Germania,Föhren,,,230,"Firma A+M Gebäudereinigung, Europa-Allee 6, 54343 Föhren"
Diaspora,Germania,Frankfurt,,,231,"Sediu ANTAL; Im Bärengarten 11, 60599 Frankfurt"
Diaspora,Germania,Gütersloh,,,232,"MLM Consulting; Marienfelderstraße 4A, 33330, Gütersloh"
Diaspora,Germania,Kassel,,,233,"Parohia Ortodoxă Română, Friedrich Eberth Strasse 249, 34119, Kassel"
Diaspora,Germania,Köln 1,,,234,"Parohia Ortodoxă Köln-Lindenthal, Decksteiner Str. 7, 50935, Köln"
Diaspora,Germania,Köln 2,,,235,"Parohia Românească -  Elisabeth-Breuer-Straße 46, 51065 Köln"
Diaspora,Germania,Langenselbold,,,236,"Kirchhof GmbH; Am Seegraben 4, 63505, Langenselbold"
Diaspora,Germania,Mainz,,,237,"Anni-Eisler-Lehmannstraße 3, 55122 Mainz"
Diaspora,Germania,Neustadt an der Weinstraße,,,238,"Le Quartier Hornbach 13, 67433 Neustadt an der Weinstraße"
Diaspora,Germania,Offenbach 1,,,239,"Parohia Sf. Nicolae, Backstr. 16, 63069, Offenbach am Main"
Diaspora,Germania,Offenbach 2,,,240,"Carl-Legien-Str. 15, 63073 Offenbach am Main"
Diaspora,Germania,Paderborn,,,241,"Europa Finanz- und Integrationsberatung, Frankfurter Weg 10, 33106 Paderborn"
Diaspora,Germania,Rheda-Wiedenbrück,,,242,"Pfarrheim St. Johannes, Nonenstraße 94, 33378 Rheda-Wiedenbrück"
Diaspora,Germania,Wadgassen,,,243,"Kulturhaus Hostenbach, Kaiserstr. 64, 66787 Wadgassen"
Diaspora,Germania,Wiesbaden,,,244,"AWO Familienbildungsstätte Hedi Konrad, Walramstr. 16a, 65183 Wiesbaden"
Diaspora,Germania,München 1,,,245,"Zentrum xtra-münchen.com, Hanauer Str. 103, cod poștal 80993 München"
Diaspora,Germania,München 2,,,246,"Zentrum xtra-münchen.com, Hanauer Str. 103, cod poștal 80993 München"
Diaspora,Germania,München 3,,,247,"Zentrum xtra-münchen.com, Hanauer Str. 103, cod poștal 80993 München"
Diaspora,Germania,München 4,,,248,"Zentrum xtra-münchen.com, Hanauer Str. 103, cod poștal 80993 München"
Diaspora,Germania,München 5,,,249,"Zentrum xtra-münchen.com, Hanauer Str. 103, cod poștal 80993 München"
Diaspora,Germania,Aschaffenburg,,,250,"Pfarrei St. Konrad, Bussardweg 25, cod poștal 63741, Aschaffenburg"
Diaspora,Germania,Augsburg 1,,,251,"Messe Augsburg - Halle 6, Am Messezentrum 5, cod poștal 86159, Augsburg"
Diaspora,Germania,Augsburg 2,,,252,"Messe Augsburg - Halle 6, Am Messezentrum 5, cod poștal 86159, Augsburg"
Diaspora,Germania,Augsburg 3,,,253,"Messe Augsburg - Halle 6, Am Messezentrum 5, cod poștal 86159, Augsburg"
Diaspora,Germania,Augsburg 4,,,254,"Messe Augsburg - Halle 6, Am Messezentrum 5, cod poștal 86159, Augsburg"
Diaspora,Germania,Bayreuth,,,255,"Schloßgalerie Bayreuth, Kanalstraße 3, cod poștal 95444, Bayreuth"
Diaspora,Germania,Dachau,,,256,"Ludwig-Thoma-Haus, Augsburger Straße 23, cod poștal 85221, Dachau"
Diaspora,Germania,Erding,,,257,"Krankenhausstraße 19, cod poștal 85435, Erding"
Diaspora,Germania,Ingolstadt 1,,,258,"NH-Tagungsraum, Goethestraße 153, cod poștal 85055, Ingolstadt"
Diaspora,Germania,Ingolstadt 2,,,259,"NH-Tagungsraum, Goethestraße 153, cod poștal 85055, Ingolstadt"
Diaspora,Germania,Kempten,,,260,"Tagungszentrum S4, An d. Stadtmauer 4, cod poștal 87435, Kempten"
Diaspora,Germania,Landshut,,,261,"Ehem. Schule St. Martin, Neustadt 474/475, cod poștal 84028, Landshut"
Diaspora,Germania,Nürnberg 1,,,262,"Meistersingerhalle K-Raum 6, Münchener Str. 21, cod poștal 90478, Nürnberg"
Diaspora,Germania,Nürnberg 2,,,263,"Meistersingerhalle K-Raum 6, Münchener Str. 21, cod poștal 90478, Nürnberg"
Diaspora,Germania,Nürnberg 3,,,264,"Meistersingerhalle K-Raum 7, Münchener Str. 21, cod poștal 90478, Nürnberg"
Diaspora,Germania,Nürnberg 4,,,265,"Heilig-Geist-Saal, Hans-Sachs-Platz 2, cod poștal 90403, Nürnberg"
Diaspora,Germania,Nürnberg 5,,,266,"Heilig-Geist-Saal, Hans-Sachs-Platz 2, cod poștal 90403, Nürnberg"
Diaspora,Germania,Nürnberg 6,,,267,"Heilig-Geist-Saal, Hans-Sachs-Platz 2, cod poștal 90403, Nürnberg"
Diaspora,Germania,Regensburg,,,268,"Bayernhafen, Linzer Str. 6, cod poștal 93055, Regensburg"
Diaspora,Germania,Rosenheim,,,269,"Kufsteiner Str. 69, cod poștal 83026, Rosenheim"
Diaspora,Germania,Straubing 1,,,270,"Konferenzraum am Hafen Straubing-Sand, Europaring 4, cod poștal 94315, Straubing"
Diaspora,Germania,Straubing 2,,,271,"Konferenzraum am Hafen Straubing-Sand, Europaring 4, cod poștal 94315, Straubing"
Diaspora,Germania,Traunreut,,,272,"Biserica ortodoxă română, Siebenbürgenerstr.2, cod poștal 83301, Traunreut"
Diaspora,Germania,Vilshofen an der Donau,,,273,"Parohia ortodoxă, Aidenbacher Str. 92, cod poștal 94474, Vilshofen an der Donau"
Diaspora,Germania,Würzburg,,,274,"Gemeindehaus St. Paul, Andreas-Grieser-Str. 2, cod poștal 97084, Würzburg"
Diaspora,Germania,Stuttgart 1,,,275,"Hauptstätterstr. 70, 70178 Stuttgart"
Diaspora,Germania,Stuttgart 2,,,276,"Hauptstätterstr. 70, 70178 Stuttgart"
Diaspora,Germania,Baden-Baden,,,277,"Yburghalle Varnhalt Weinsteige 17, 76534 Baden -Baden"
Diaspora,Germania,Esslingen am Neckar,,,278,"Georg-Christian-von-Kessler-Platz 2, 73728 Esslingen am Neckar"
Diaspora,Germania,Freiburg im Breisgau 1,,,279,"Jakob Saur Str. 11, 79199 Kirchzarten"
Diaspora,Germania,Freiburg im Breisgau 2,,,280,"Jakob Saur Str. 11, 79199 Kirchzarten"
Diaspora,Germania,Heilbronn,,,281,"Herbststr.16, 74072 Heilbronn"
Diaspora,Germania,Karlsruhe 1,,,282,"Linkenheimer Landstr. 133a, 76149 Karlsruhe"
Diaspora,Germania,Karlsruhe 2,,,283,"Linkenheimer Landstr. 133a, 76149 Karlsruhe"
Diaspora,Germania,Ludwigsburg,,,284,"Königsallee 43, 71638 Ludwigsburg"
Diaspora,Germania,Mannheim,,,285,"O4 4, 68161 Mannheim"
Diaspora,Germania,Pforzheim,,,286,"Osterfelder Str. 12, 75172 Pforzheim"
Diaspora,Germania,Ravensburg,,,287,"Herknerstr. 4, 88250 Weingarten"
Diaspora,Germania,Reutlingen,,,288,"Ringelbachstraße 195/41, 72762 Reutlingen"
Diaspora,Germania,Schwäbisch Hall,,,289,"Stauffenbergstraße 35 / 37, 74523 Schwäbisch Hall"
Diaspora,Germania,Sigmaringen,,,290,"Am Rathaus 2, 72488 Sigmaringen-Laiz"
Diaspora,Germania,Ulm 1,,,291,"Wiblinger Ring 4, 89079 Ulm"
Diaspora,Germania,Ulm 2,,,292,"Wiblinger Ring 4, 89079 Ulm"
Diaspora,Germania,Villingen Schwenningen,,,293,"Umweltzentrum Schwarzwald Baar Neckar, Neckarstraße 120, 78056 Villingen-Schwenningen"
Diaspora,Grecia,Atena 1,,,294,"str. Emmanouil Benaki nr. 7, cod poștal 154 52, Paleo Psychiko, Atena"
Diaspora,Grecia,Atena 2,,,295,"str. Liosion nr. 123, et. 1, Piața Attikis, cod poștal 104 45, Atena"
Diaspora,Grecia,Atena 3,,,296,"str. Agias Sofias nr. 27, cod poștal 104 44, Piața Pantazopoulou, cartier Kolonos, Atena"
Diaspora,Grecia,Aspropyrgos,,,297,"bd. Dimokratias, Piața Sintrivani, cod poștal 193 00, Aspropyrgos"
Diaspora,Grecia,Chania,,,298,"Piața Elefterias nr. 1,  cod poștal 731 34, Chania, Insula Creta"
Diaspora,Grecia,Iraklio,,,299,"Strada Androgeo nr. 2, cod poștal 712 02, Iraklio (Heraklion), Insula Creta"
Diaspora,Grecia,Patra,,,300,"str. Filopoimenos nr. 24, cod poștal 262 21, Patra"
Diaspora,Grecia,Preveza,,,301,"Galeria municipală de artă ”Giannis Moralis”, Vila Athanasiadis, str. Lord Byron (Vyrona) nr. 6, cod poștal 481 00, Preveza (lângă Alpha Bank)"
Diaspora,Grecia,Sparta,,,302,"bd. Likourgou nr. 89, cod poștal 231 00, Sparta (clădirea fostei primării, situată în Piața Centrală)"
Diaspora,Grecia,Salonic,,,303,"Theagenous Charisi, nr. 78, CP 54639, Salonic"
Diaspora,Grecia,Larisa,,,304,"Plateia OSE, nr. 6, CP 41223, Larisa,"
Diaspora,India,New Delhi,,,305,"3/6 Shanti Niketan, oraș New Delhi, statul Delhi, cod 110021"
Diaspora,Republica Indonezia,Jakarta,,,306,"Jl. Teuku Cik Ditiro No.42-A 10, RT.10/RW.5, Menteng, Kec. Menteng, Jakarta 10310"
Diaspora,Regatul Hașemit al Iordaniei,Amman,,,307,"Str. Al-Madeenah Al-Munawarah, nr. 35, Amman, 11181"
Diaspora,Irak,Bagdad,,,308,"Mahalla 601, Zuquak 15, Al Mansur street, nr. C45, cod poștal 10001, Bagdad"
Diaspora,Irak,Erbil,,,309,"Gulan Street, Ster Tower, etaj 7, camera 702, cod poștal 44001, Erbil"
Diaspora,Republica Islamică Iran,Teheran,,,310,"Str. Shahid Meshki nr 89, cod poștal 115.46.399.11, zona Fakhrabad, Baharestan, Tehran"
Diaspora,Irlanda,Dublin 1,,,311,"Palmerston House, Ground Floor, Denzille Lane/Fenian Street, Dublin 2, D02 WD37"
Diaspora,Irlanda,Dublin 2,,,312,"Palmerston House, Ground Floor, Denzille Lane/Fenian Street, Dublin 2, D02 WD37"
Diaspora,Irlanda,Dublin 3,,,313,"Palmerston House, Ground Floor, Denzille Lane/Fenian Street, Dublin 2, D02 WD37"
Diaspora,Irlanda,Dublin 4,,,314,"Palmerston House, Ground Floor, Denzille Lane/Fenian Street, Dublin 2, D02 WD37"
Diaspora,Irlanda,Dublin 5,,,315,"Westmanstown Sports and Conference Centre, Lucan Road,Clonsilla, Dublin 15, D15 Y2DH"
Diaspora,Irlanda,Dublin 6,,,316,"Westmanstown Sports and Conference Centre, Lucan Road,Clonsilla, Dublin 15, D15 Y2DH"
Diaspora,Irlanda,Dublin 7,,,317,"Westmanstown Sports and Conference Centre, Lucan Road,Clonsilla, Dublin 15, D15 Y2DH"
Diaspora,Irlanda,Dublin 8,,,318,"Westmanstown Sports and Conference Centre, Lucan Road,Clonsilla, Dublin 15, D15 Y2DH"
Diaspora,Irlanda,Dublin 9,,,319,"Westmanstown Sports and Conference Centre, Lucan Road,Clonsilla, Dublin 15, D15 Y2DH"
Diaspora,Irlanda,Dublin 10,,,320,"Westmanstown Sports and Conference Centre, Lucan Road,Clonsilla, Dublin 15, D15 Y2DH"
Diaspora,Irlanda,Cork,,,321,"Little Island Sports Complex, Wallingstown, Little Island, Cork, T45 F449"
Diaspora,Irlanda,Drogheda,,,322,"Drogheda Civic Offices, Fair Street, Moneymore, Drogheda, Co. Louth, A92 P440"
Diaspora,Irlanda,Galway,,,323,"Ardilaun House Hotel, Taylors Hill Road, Galway, H91 H29F"
Diaspora,Irlanda,Kilkenny,,,324,"Pembroke Hotel, 11 Patrick St, Garden, Kilkenny, R95 VNP4"
Diaspora,Irlanda,Limerick,,,325,"The Engine Building, Cecil Street, Limerick, V94 TN32"
Diaspora,Irlanda,Waterford,,,326,"Crystal Sport and Leisure Centre, Cork Road, Waterford City, X91 E6PX"
Diaspora,Israel,Tel Aviv 1,,,327,"Paz Tower, Str. Shoham, Nr. 2, etaj 8, cod poștal 52510, Ramat Gan"
Diaspora,Israel,Tel Aviv 2,,,328,"Shaul Hamelech Bvd, Nr. 8., etaj 6, cod poștal 64733, Tel Aviv"
Diaspora,Israel,Haifa,,,329,"3 Habankim, Haifa, cod poștal 3326115"
Diaspora,Italia,Roma 1,,,330,"Via Nicolò Tartaglia, 40, cod poștal 00197, Roma"
Diaspora,Italia,Roma 2,,,331,"Via Nicolò Tartaglia, 40, cod poștal 00197, Roma"
Diaspora,Italia,Roma 3,,,332,"Piazza José de San Martin, 1 cod poștal 00197, Roma"
Diaspora,Italia,Roma 4,,,333,"Viale delle Belle Arti, 110 cod poștal 00197, Roma"
Diaspora,Italia,Roma 5,,,334,"Viale Libano 38-40, cod poștal 00144, Roma"
Diaspora,Italia,Roma 6,,,335,"Viale Libano 38-40, cod poștal 00144, Roma"
Diaspora,Italia,Roma 7,,,336,"Viale Libano 38-40, cod poștal 00144, Roma"
Diaspora,Italia,Ostia,,,337,"Centro Anziani Il Sommergibile - Viale del Sommergibile, 71, cod poștal 00121, Ostia"
Diaspora,Italia,Monterotondo,,,338,"Quality Hotel Green Palace - Via  Salaria, 207, cod poștal 00015,  Monterotondo"
Diaspora,Italia,Guidonia Montecelio,,,339,"Biblioteca comunale - Via Maurizio Morris 7, cod poștal 00012, Guidonia Montecelio"
Diaspora,Italia,Palestrina,,,340,"Albergo Ristorante Stella - Piazza della Liberazione 3, cod poștal 00036, Palestrina"
Diaspora,Italia,Tivoli,,,341,"Città dello Sport di Tivoli - Via Empolitana, cod poștal, 00019, Tivoli"
Diaspora,Italia,Rignano Flaminio,,,342,"Centro Vaccinale di Rignano Flaminio - Via dell'Aquila, cod poștal 00068, Rignano Flaminio"
Diaspora,Italia,Albano Laziale,,,343,"Centro Anziani di Albano Laziale - Via Borgo Garibaldi, 12, cod poștal 00041, Albano Laziale"
Diaspora,Italia,Ladispoli,,,344,"Biblioteca comunale - Via Caltagirone, snc, cod poștal 00055,  Ladispoli"
Diaspora,Italia,Frosinone,,,345,"Casa della Cultura - Via Giordano Bruno, cod poștal 03100,  Frosinone"
Diaspora,Italia,Latina,,,346,"Hotel Europa Latina - Via Emanuele Filiberto, 14, cod poștal, 04100, Latina"
Diaspora,Italia,Viterbo,,,347,"Centro sociale polivalente “Sacrario” - Via Santa Maria in Volturno 18, cod poștal 01100, Viterbo"
Diaspora,Italia,Terni,,,348,"Sala de Consiliu - Piazza San Giovanni Paolo II nr. 1, cod poștal  05100, Terni"
Diaspora,Italia,Perugia,,,349,"CVA La Piramide - Via Armando Diaz, 90, cod poștal 06128, Perugia"
Diaspora,Italia,Pescara,,,350,"Centro Polivalente Mons. Gustavo Britti - Via Rio Sparto, cod poștal 65129, Pescara"
Diaspora,Italia,Olbia,,,351,"Sala Corsi ASPO - Via Indonesia, nr. 9, cod poștal 07026, Olbia"
Diaspora,Italia,Cagliari,,,352,"Primărie - Sala EXTE - Via Roma 145, cod poștal 09124, Cagliari"
Diaspora,Italia,Napoli,,,353,"Hotel Futura - Sala AUDITORIUM 3 - Via Nazionale delle Puglie 195, cod poștal 80026, Napoli"
Diaspora,Malta,La Valletta,,,354,"Grand Hotel Excelsior - Great Siege Road, Floriana FRN 1810"
Diaspora,Italia,Bari 1,,,355,"Via Bruno Zaccaro Nr.17/19, Bari, CAP 70126"
Diaspora,Italia,Bari 2,,,356,"Palazzo Città, Corso Vittorio Emanuele II, Nr. 84, Bari CAP 70122"
Diaspora,Italia,Trani,,,357,"Ufficio Presidenza Provincia di B.A.T. ex Lum, SP 130, Km.1.500, Trani CAP 76125"
Diaspora,Italia,Foggia,,,358,"Ex. Banca d'Italia, Corso Garibaldi Nr. 37, angolo Via Polare, Foggia CAP 71121"
Diaspora,Italia,Lecce,,,359,"Centro Sociale Comunale, Via Matera Nr. 2, Lecce CAP 73100"
Diaspora,Italia,Taranto,,,360,"Istituto Comprensivo ""Europa-Alighieri"", Via Papa Pio XII, Nr. 3, Taranto CAP 74123"
Diaspora,Italia,Ginosa,,,361,"Istituto Comprensivo G. Deledda - S. G. Bosco, Via Quarto, Nr. 8, Ginosa CAP 74013"
Diaspora,Italia,Cosenza,,,362,"Ex sede Municipia SpA, Via San Martino Nr. 23, Piazza San Nicola, Cosenza CAP 87100"
Diaspora,Italia,Reggio Calabria,,,363,"Sala G. Versace - Palazzo CE.DIR, Via Sant'Anna II Tronco, Reggio Calabria CAP 89128"
Diaspora,Italia,Crotone,,,364,"Comando Polizia Locale, Via Leonardo Gallucci, Nr. 109, Crotone CAP 88900"
Diaspora,Italia,Catanzaro,,,365,"Istituto Comprensivo ""Casalinuovo"", Via Stretto Antico Snc, Catanzaro CAP 88100"
Diaspora,Italia,Vibo Valentia,,,366,"Palazzo Valentianum, Piazza San Leoluca SNC, Vibo Valentia CAP 89900"
Diaspora,Italia,Lamezia Terme,,,367,"Complesso Monumentale del San Domenico (Museo Archeologico Lametino), Piazzetta San Domenico snc, Lamezia Terme CAP 88046"
Diaspora,Italia,Corigliano-Rossano,,,368,"Palazzo dell'Orologio, primo piano, Piazza del Popolo snc, Corigliano Centro Storico, Corigliano Rossano CAP 87064"
Diaspora,Italia,Potenza,,,369,"Centro Provinciale Istruzione, Via Pietro Lacava Nr. 2, Potenza CAP 85100"
Diaspora,Italia,Matera,,,370,"Complesso Commerciale Il Circo, Sala Consiliare ""Pier Paolo Pasolini"", Via G. Sallustio Crispo snc, Matera CAP 75100"
Diaspora,Italia,Campobasso,,,371,"Terzo Spazio, ex Scuola CEP Nord, Via Eugenio Cirese snc, Campobasso CAP 86100"
Diaspora,Italia,Isernia,,,372,"Provincia di Isernia, Sala Gialla - Piano Terra, Via Giovanni Berta nr. 189, Isernia CAP 86170"
Diaspora,Italia,Bologna 1,,,373,"Via Guelfa, 9B, cod poștal 40138, Bologna"
Diaspora,Italia,Bologna 2,,,374,"Via Guelfa, 9D, cod poștal 40138, Bologna"
Diaspora,Italia,Bologna 3 - Borgo Panigale,,,375,"Via Battindarno, 123, cod poștal 40133 Bologna, Sala Falcone Borsellino"
Diaspora,Italia,Ancona,,,376,"Via C. Battisti, 11/C, Sala Civica, cod poștal 60123, Ancona"
Diaspora,Italia,Arezzo,,,377,"Via Pier Luigi da Palestrina, 19, cod poștal 52100, Arezzo"
Diaspora,Italia,Ascoli Piceno,,,378,"Via Emidio Luzi, 18, Ex. Scuola materna di Poggio di Bretta,  cod poștal 63100, Ascoli Piceno"
Diaspora,Italia,Budrio,,,379,"Via Bianchi, 31, Centro Sociale, cod poștal 40054, Budrio"
Diaspora,Italia,Cesena,,,380,"Piazza Anna Magnani, 143, Sala del Quartiere Oltre Savio, cod poștal 47522, Cesena"
Diaspora,Italia,Ferrara,,,381,"Viale Cavour, 187, cod poștal 44122, Ferrara"
Diaspora,Italia,Firenze,,,382,"Piazza Madonna della Neve, 6, Sala Pasquini, cod poștal 50122, Firenze"
Diaspora,Italia,Forli,,,383,"Corso Della Repubblica, 88, Ex. Cinema Mazzini, 47121, Forli"
Diaspora,Italia,Grosseto,,,384,"Via Gozzi, 22, cod poștal 58100,  Sala Comunale di Barbanella, Grosseto"
Diaspora,Italia,Imola,,,385,"Viale Cappuccini, 14, cod poștal 40026, Imola"
Diaspora,Italia,Livorno,,,386,"Scali Finocchietti, 4, Sala Simonini, cod poștal 57123, Livorno"
Diaspora,Italia,Lucca,,,387,"Frazione S. Alessio - Via provinciale din S. Alessio, 2145, cod poștal 55100, Lucca"
Diaspora,Italia,Macerata,,,388,"Via  Liviabella, 7, cod poștal 62100, Sforzacosta, Macerata"
Diaspora,Italia,Massa,,,389,"Via San Leonardo, 484,  Marina di Massa, cod poștal 54100"
Diaspora,Italia,Modena,,,390,"Via Viterbo, 80, cod poștal 41125, Modena"
Diaspora,Italia,Montecatini Terme,,,391,"Via Giuseppe  Mazzini,  55, Mercato Coperto, cod poștal 51016, Montecatini Terme"
Diaspora,Italia,Parma,,,392,"Sala di Via Bizzozero, 19, cod poștal 43123, Parma"
Diaspora,Italia,Pesaro,,,393,"Via Federico Confalonieri, 19, cod poștal 61121, Pesaro"
Diaspora,Italia,Piacenza,,,394,"Cantone Vicolo San Nazzaro, 16, cod poștal 29121, Piacenza"
Diaspora,Italia,Pistoia,,,395,"Via Cancellieri, 30, cod poștal 51100, Pistoia"
Diaspora,Italia,Prato,,,396,"Via Andrea Guazzalotti, 12, cod poștal 59100, Centro Civico di Iolo, Prato"
Diaspora,Italia,Ravenna,,,397,"Via Oriani, 44, Sala degli Emigranti, cod poștal 48121, Ravenna"
Diaspora,Italia,Reggio Emilia,,,398,"Via Arturo Toscanini, 20, Centro Sociale L. Spallanzani-Orti, 42122 Reggio Emilia"
Diaspora,Italia,Rimini,,,399,"Via Bidente, 1/P, Sala Civica, cod poștal 47924, Rimini"
Diaspora,Italia,San Lazzaro,,,400,"Piazza Luciano Bracci, sala ex. Bande Musicale, cod poștal 40068, San Lazzaro di Savena"
Diaspora,Italia,Sesto Fiorentino,,,401,"Via del Risorgimento, 237, Circolo di Padule, cod poștal 50019, Sesto Fiorentino"
Diaspora,Italia,Siena,,,402,"Via P. Nenni, 8/A, cod poștal 53100, Siena"
Diaspora,Italia,Catania 1,,,403,"Via Misterbianco 1, 95131, Catania"
Diaspora,Italia,Catania 2,,,404,"Via Misterbianco 1, 95131, Catania"
Diaspora,Italia,Alcamo,,,405,"Via Ugo Foscolo 1, 91011, Alcamo"
Diaspora,Italia,Vittoria,,,406,"Via Del Tennis 23, 97019, Vittoria"
Diaspora,Italia,Palermo,,,407,"Via IV Aprile 4, Palazzo Palagonia alla Gancia - Aula Lorusso, 90133, Palermo"
Diaspora,Italia,Canicatti,,,408,"Piazza Dante, Centro Culturale San Domenico, 95024, Canicatti"
Diaspora,Italia,Messina,,,409,"Palazzo Zanca, Intrare din Via San Camillo nr. 110/colț cu Via Cavour, Sala Ovala ""Antonino Caponnetto"" 98122, Messina"
Diaspora,Italia,Milano 1,,,410,"Via Ruggero Boscovich nr. 42, Milano-Centro Socio Ricreativo Ricordi Milan, CAP 20124"
Diaspora,Italia,Milano 2,,,411,"Via Ruggero Boscovich nr. 42, Milano-Centro Socio Ricreativo Ricordi Milan, CAP 20124"
Diaspora,Italia,Milano 3,,,412,"Via Ruggero Boscovich nr. 42, Milano-Centro Socio Ricreativo Ricordi Milan, CAP 20124"
Diaspora,Italia,Milano 4,,,413,"Via Ruggero Boscovich nr. 42, Milano-Centro Socio Ricreativo Ricordi Milan, CAP 20124"
Diaspora,Italia,Bergamo 1,,,414,"Via Caprera 17, 24127 Bergamo"
Diaspora,Italia,Bergamo 2,,,415,"Via Caprera 17, 24127 Bergamo"
Diaspora,Italia,Brescia 1,,,416,"Piazza Luigi Buffoli 16, 25127 Brescia"
Diaspora,Italia,Brescia 2,,,417,"Piazza Luigi Buffoli 16, 25127 Brescia"
Diaspora,Italia,Bolzano,,,418,"Via Dolomiti 14, 39100 Bolzano"
Diaspora,Italia,Cles,,,419,"Via Tiberio Claudio 22, 38023 Cles"
Diaspora,Italia,Como,,,420,"Via Collegio Dei Dottori 9, 22100 Como"
Diaspora,Italia,Crema,,,421,"Via Giacomo Matteotti 47, 26013 Crema"
Diaspora,Italia,Cremona,,,422,"Piazza Aldo Moro 16, 26100 Cremona"
Diaspora,Italia,Lodi,,,423,"Via Paolo Gorini 21, 26900 Lodi"
Diaspora,Italia,Monza 1,,,424,"Via D'Annunzio 35, 20900 Monza"
Diaspora,Italia,Monza 2,,,425,"Via D'Annunzio 35, 20900 Monza"
Diaspora,Italia,Monza 3,,,426,"Via D'Annunzio 35, 20900 Monza"
Diaspora,Italia,Mantova,,,427,"Via Facciotto 7, 46100 Mantova"
Diaspora,Italia,Montichiari,,,428,"Via Trieste 26, 25018 Montichiari"
Diaspora,Italia,Pavia,,,429,"Via Ezechiele Acerbi 27, 27100 Pavia"
Diaspora,Italia,Romano di Lombardia,,,430,"Piazza Roma 1, 24058 Romano di Lombardia"
Diaspora,Italia,Rovereto,,,431,"Via Benacense 33,  38068 Rovereto"
Diaspora,Italia,Sesto San Giovanni,,,432,"Via Maestri del Lavoro 10, 20099 Sesto San Giovanni"
Diaspora,Italia,Trento,,,433,"Via del Loghet 65, 38121 Trento"
Diaspora,Italia,Varese,,,434,"Via Oriani 121, 21100 Varese"
Diaspora,Italia,Torino 1,,,435,"Sala Polivalente, Via Leoncavallo n. 17, cod poștal 10154, Torino"
Diaspora,Italia,Torino 2,,,436,"Sala Polivalente, Via Leoncavallo n. 17, cod poștal 10154, Torino"
Diaspora,Italia,Torino 3,,,437,"Sala Polivalente, Via Leoncavallo n. 17, cod poștal 10154, Torino"
Diaspora,Italia,Torino 4,,,438,"Sala Congressi, Via Millio n. 20, cod poștal  10141, Torino"
Diaspora,Italia,Torino 5,,,439,"Sala Congressi, Via Millio n. 20, cod poștal  10141, Torino"
Diaspora,Italia,Torino 6,,,440,"Ex Centro Orientamento Scolastico Professionale (C.O.S.P.) Via Bardassano, 5/a, Torino (TO), cod poștal 10132"
Diaspora,Italia,Alba,,,441,"Località Piana Biglini (ex scuola infirmieristica), Corso Unità d'Italia n. 76,  cod poștal 12051, Alba (CN)"
Diaspora,Italia,Alessandria,,,442,"Sala riunioni - Ex Circoscrizione Europista (Taglieria del Pelo) - via Wagner 38/D, Alessandria (AL)  cod poștal 15121"
Diaspora,Italia,Aosta,,,443,"Salone della Biblioteca comunale, Viale Europa n. 5, Aosta (AO)  cod poștal, 11100"
Diaspora,Italia,Asti,,,444,"Salone Consiliare (c/o Palazzo della Provincia di Asti), Piazza Alfieri nr 33, Asti (AT), cod poștal 14100"
Diaspora,Italia,Biella,,,445,"Agora Palace Hotel, Sala Lamarmora, Via Alfonso Lamarmora n. 13/A, cod poștal 13900, Biella (BI)"
Diaspora,Italia,Carmagnola,,,446,"Via Bobba 6, Carmagnola, cod poștal 10022"
Diaspora,Italia,Chieri,,,447,"Auditorium Leo Chiosso (ex Sala Conceria), Via Conceria, 2, Chieri, cod poștal 10023"
Diaspora,Italia,Chivasso,,,448,"Via Baraggino n. 76, c/o Campus Associazioni ex TAV, casetta 00, cod poștal 10034, Chivasso"
Diaspora,Italia,Cirie,,,449,"Sala Conferenze, Centro Socio Culturale, Corso Nazioni Unite n. 32, cod poștal 10073 Ciriè"
Diaspora,Italia,Collegno,,,450,"PalaCollegno, Via Antica di Rivoli n. 21, Collegno (TO) cod poștal 10093"
Diaspora,Italia,Cuneo,,,451,"Salone del Meet, Via Carlo Sigismondo Leutrum, n. 7, Cuneo (CN) cod poștal 12100"
Diaspora,Italia,Genova,,,452,"Sala Colombo c/o atrio Regione Liguria, Via Fieschi n. 15, cod poștal 16121 Genova (GE)"
Diaspora,Italia,Imperia,,,453,"Lungomare Marina d'Italia, Molo San Lazzaro, Locale artigianale nr. 4, cod poștal 18100, Imperia (IM)"
Diaspora,Italia,Ivrea,,,454,"Ex Campo Helios Rocco, Sede Alpini, Gruppo di San Bernardo, Cantone Aprato Arbore, Ivrea (TO), cod poștal 10015"
Diaspora,Italia,La Spezia,,,455,"Centro Civico Nord, Largo Vivaldi n. 2, Fossitermi, cod poștal 19122 La Spezia (SP)"
Diaspora,Italia,Moncalieri,,,456,"Salone Polivalente Centro Polifunzionale di Santa Maria, Via Santa Maria n. 27, Moncalieri (TO), cod poștal 10024"
Diaspora,Italia,Mondovi,,,457,"Salone del Centro Anziani di Carassone, Via del Campo n. 5,  Mondovì (CN), cod poștal 12084"
Diaspora,Italia,Nichelino,,,458,"Sala Mattei del Comune, Piazza G. di Vittorio n. 1, piano 2°, cod poștal 10042 Nichelino (TO)"
Diaspora,Italia,Novara,,,459,"Parohia ortodoxă Sfântul Nectarie Taumaturgul, Corso Trieste, n. 105, cod poștal  28100 Novara (NO)"
Diaspora,Italia,Pinerolo,,,460,"Centro Incontro, Via Clemente Lequio n. 36, cod poștal 10064, Pinerolo (TO)"
Diaspora,Italia,Sanremo,,,461,"Sala parter Palafiori, Corso G. Garibaldi, cod poștal 18038 Sanremo (IM)"
Diaspora,Italia,Savona,,,462,"Asilo delle Piramidi, ex sede del consiglio  V° Circoscrizione, Corso Giuseppe Mazzini nr. 25, Savona (SV), cod poștal 17100"
Diaspora,Italia,Settimo Torinese,,,463,"Oratorio San Pietro in Vincoli, ingresso da Via Teologo Giovanni Antonino n. 9/B, angolo Via Dante Alighieri cod poștal 10036 Settimo Torinese (TO)"
Diaspora,Italia,Susa,,,464,"Sala del Castello della Contessa Adelaide, Via Impero Romano n. 2, cod poștal 10059 Susa (TO)"
Diaspora,Italia,Tortona,,,465,"Sala Polifunzionale Mons. Francesco Remotti, ex Caserma Passalacqua, Via Milazzo n. 1, cod poștal 15057 Tortona (AL)"
Diaspora,Italia,Verbania,,,466,"Centro Sociale Renco, Via Renco n. 36, cod poștal 28923 Pallanza (VB)"
Diaspora,Italia,Vercelli,,,467,"Vercelli Palace Hotel, Via Giovanni Tavallini nr. 29, et. 1, cod postal 13100 Vercelli (VC)"
Diaspora,Italia,Trieste,,,468,"Via Udine 11, 34132 Trieste"
Diaspora,Italia,Cervignano del Friuli,,,469,"Via Carnia 22, 33052 Cervignano del Friuli"
Diaspora,Italia,Udine,,,470,"Sala Polifunzionale Sguerzi, Via S. Stefano 5A, 33100 Udine"
Diaspora,Italia,Pordenone,,,471,"Piazza Don Giuseppe Lozer n.1,  33170 Pordenone"
Diaspora,Italia,Prata di Pordenone,,,472,"Ex scuola primaria Villanova di Prata, Via Monde 2, 33080 Prata di Pordenone"
Diaspora,Italia,Venezia,,,473,"Cannaregio, 2214, 30121 Venezia"
Diaspora,Italia,San Donà di Piave,,,474,"Casa Saretta, Via Pralungo 12, 30027 San Donà di Piave"
Diaspora,Italia,Treviso,,,475,"Sala Conferenze presso l'Hotel Maggior Consiglio, Via Terraglio 140, 31100 Treviso"
Diaspora,Italia,Castelfranco Veneto,,,476,"Centro Culturale Due Mulini, Via Marsala 1/a, 31033 Castelfranco Veneto"
Diaspora,Italia,Oderzo,,,477,"Via Comunale di Faè 53, 31046 Oderzo"
Diaspora,Italia,Padova,,,478,"Sala ""F. Barison"" Piazza Metelli 1, 35136 Padova"
Diaspora,Italia,Albignasego,,,479,"Sala Riunioni del Municipio, Via Milano 7, 35020 Albignasego"
Diaspora,Italia,Cadoneghe,,,480,"Via Pio X 1/A, 35010 Cadoneghe"
Diaspora,Italia,Limena,,,481,"Sala Barchessina, Via Roma 44, 35010 Limena"
Diaspora,Italia,Abano Terme,,,482,"Via San Pio X, 3, 35031 Abano Terme"
Diaspora,Italia,Rovigo,,,483,"Via Ramazzina n. 2, 45100 Granzette, Rovigo"
Diaspora,Italia,Verona 1,,,484,"Sala della Pace, Via Tevere 38, 37136 Verona"
Diaspora,Italia,Verona 2,,,485,"Ex Sala Consiliare, Piazza Madonna di Campagna 1/a, 37132 Verona"
Diaspora,Italia,Villafranca di Verona,,,486,"Centro Sociale, Via Rinaldo 9/A, 37069 Villafranca di Verona"
Diaspora,Italia,Valeggio sul Mincio,,,487,"Localita' San Graziano 8, presso Mercato ortofrutticolo, 37067 Valeggio sul Mincio"
Diaspora,Italia,Cerea,,,488,"Sala Civica, Via Olmo 1, frazione di Aselogna, 37053 Cerea"
Diaspora,Italia,Vicenza,,,489,"Centro Civico Riviera Berica, Via Enrico De Nicola n. 8, 36100 Vicenza"
Diaspora,Italia,Schio,,,490,"Sala Norma Cossetto, Via Pasini n. 47, 36015 Schio"
Diaspora,Japonia,Tokyo,,,491,"3-16-19 Nishi-Azabu, Minato-ku, Tokyo, 106-0031"
Diaspora,R.Kazahstan,Astana,,,492,"str. Saraișâk 28, cod poștal 010000, Astana"
Diaspora,Kenya,Nairobi,,,493,"Eagle Park Estate along Pan-African Insurance Av., Block 7785/1284, Runda, Nairobi"
Diaspora,Kuweit,Kuweit,,,494,"Kaifan, Block 4, strada Mina, Villa 34, cod poștal 71804"
Diaspora,Republica Libaneză,Beirut,,,495,"Baabda, Rue du Palais Presidentiel, Street 68, nr.30"
Diaspora,Lituania,Vilnius,,,496,"Gaono g. 6, LT- 01131, Vilnius"
Diaspora,Letonia,Riga,,,497,"Brivibas iela 97, Riga LV 1001"
Diaspora,Luxemburg,Luxemburg 1,,,498,"Hotel Sofitel Luxembourg Europe (Kirchberg), Rue du Fort Niedergrünewald, 6, cod poștal 2226, Luxembourg"
Diaspora,Luxemburg,Luxemburg 2,,,499,"Hotel Sofitel Luxembourg Europe (Kirchberg), Rue du Fort Niedergrünewald, 6, cod poștal 2226, Luxembourg"
Diaspora,Luxemburg,Luxemburg 3,,,500,"Hotel Sofitel Luxembourg Europe (Kirchberg), Rue du Fort Niedergrünewald, 6, cod poștal 2226, Luxembourg"
Diaspora,Macedonia de Nord,Skopje,,,501,"Strada Rajko Zinzifov, nr. 42, 1000"
Diaspora,Malaysia,Kuala Lumpur,,,502,"114, Jalan Damai (off Jalan Ampang), 55000, Kuala Lumpur"
Diaspora,Regatul Unit al Marii Britanii și Irlandei de Nord,Londra-Westminster 1,,,503,"Romanian Cultural Institute, 1 Belgrave Square, Belgravia, London SW1X 8PH"
Diaspora,Regatul Unit al Marii Britanii și Irlandei de Nord,Londra-Westminster 2,,,504,"Romanian Cultural Institute, 1 Belgrave Square, Belgravia, London SW1X 8PH"
Diaspora,Regatul Unit al Marii Britanii și Irlandei de Nord,Londra-Tottenham Court Road,,,505,"The Swiss Church in London, 79 Endell Street, London WC2H9DY"
Diaspora,Regatul Unit al Marii Britanii și Irlandei de Nord,Londra-White City,,,506,"Brickfields Hall, GradPad 80, Wood Lane, London W12 0BZ"
Diaspora,Regatul Unit al Marii Britanii și Irlandei de Nord,Londra-Newham,,,507,"Ascot Community Centre, Star Lane, Canning Town, London E16 4PR"
Diaspora,Regatul Unit al Marii Britanii și Irlandei de Nord,Londra-Stratford,,,508,"The Dome, University of East London, Stratford Campus, Water Lane London E15 4LZ"
Diaspora,Regatul Unit al Marii Britanii și Irlandei de Nord,Londra-Harrow 1,,,509,"Harrow Leisure Centre, Christchurch Ave, Sports Hall 3, Harrow, London HA3 5BD"
Diaspora,Regatul Unit al Marii Britanii și Irlandei de Nord,Londra-Harrow 2,,,510,"The Sangat Centre, 28A Sancroft Road, Harrow, London HA3 7NS"
Diaspora,Regatul Unit al Marii Britanii și Irlandei de Nord,Londra-Harrow 3,,,511,"St Panteleimon Greek Orthodox Community in Harrow and Districts 660 Kenton Road (at the back of the church), Harrow, London HA3 9QN"
Diaspora,Regatul Unit al Marii Britanii și Irlandei de Nord,Londra-Wembley,,,512,"Sudbury Primary School, Watford Road, Wembley, London HA0 3EY"
Diaspora,Regatul Unit al Marii Britanii și Irlandei de Nord,Londra-Brent 1,,,513,"Bridge Park Community Leisure Centre, Brentfield, London NW10 0RG"
Diaspora,Regatul Unit al Marii Britanii și Irlandei de Nord,Londra- Brent 2,,,514,"Bridge Park Community Leisure Centre, Brentfield, London NW10 0RG"
Diaspora,Regatul Unit al Marii Britanii și Irlandei de Nord,Londra-Redbridge 1,,,515,"Redbridge Central Library, Clements Road, The Gloucester and York room, Ilford, London IG1 1EA"
Diaspora,Regatul Unit al Marii Britanii și Irlandei de Nord,Londra-Redbridge 2,,,516,"Kenneth More Theatre, Oakfield Rd, Ilford IG1 1BT"
Diaspora,Regatul Unit al Marii Britanii și Irlandei de Nord,Londra-Waltham Forest 1,,,517,"Restaurant Ambassador, 270 High Road, Leytonstone, London E11 3HS"
Diaspora,Regatul Unit al Marii Britanii și Irlandei de Nord,Londra-Waltham Forest 2,,,518,"Walthamstow Leisure Centre 243 Markhouse Road, London E17 8RN"
Diaspora,Regatul Unit al Marii Britanii și Irlandei de Nord,Londra-Barking and Dagenham 1,,,519,"The Wilds  Ecology Centre (Barking Riverside), Northgate Rd, Barking IG11 0SQ"
Diaspora,Regatul Unit al Marii Britanii și Irlandei de Nord,Londra-Barking and Dagenham 2,,,520,"MAKE IT Barking, Factory 15 Ground Floor, 15 Linton Rd., Barking IG11 8HE"
Diaspora,Regatul Unit al Marii Britanii și Irlandei de Nord,Londra-Barnet,,,521,"The Old Library, The Concourse, Grahame Park, London NW9 5XA"
Diaspora,Regatul Unit al Marii Britanii și Irlandei de Nord,Londra-Hounslow 1,,,522,"WeAre1 Community Care, Alf Chandler Centre, Benson Cl, Hounslow TW3 3QX"
Diaspora,Regatul Unit al Marii Britanii și Irlandei de Nord,Londra-Hounslow 2,,,523,"St Mary's Church (St Mary's Millennium Hall), Spring Grove, Osterley Road, Isleworth TW7 4PW"
Diaspora,Regatul Unit al Marii Britanii și Irlandei de Nord,Londra-Haringey,,,524,"Green Rooms Hotel, 13-27 Station Rd, 3rd floor, London N22 6UW"
Diaspora,Regatul Unit al Marii Britanii și Irlandei de Nord,Londra-Enfield,,,525,"Dharma Hall Venue, 442-446 Hertford Road, Enfield, London EN3 5QH"
Diaspora,Regatul Unit al Marii Britanii și Irlandei de Nord,Londra-Greenwich,,,526,"Forum at Greenwich - Caledonian Hall, Trafalgar Road, Greenwich, London SE10 9EQ"
Diaspora,Regatul Unit al Marii Britanii și Irlandei de Nord,Londra-Romford,,,527,"Chadwell Heath Community Centre, 255 High Road, Romford, London RM6 6AS"
Diaspora,Regatul Unit al Marii Britanii și Irlandei de Nord,Londra-Croydon,,,528,"London Croydon Aerodrome Hotel, 680 Purley Way, Dakota meeting room, Croydon, London CR9 4LT"
Diaspora,Regatul Unit al Marii Britanii și Irlandei de Nord,Londra-Richmond,,,529,"Sudbrook School, The Village Hall, Bute Avenue, Petersham, Richmond, London TW10 7AX"
Diaspora,Regatul Unit al Marii Britanii și Irlandei de Nord,Londra-Hillingdon 1,,,530,"Navnat Centre, Printing House Lane, Hayes,  London UB3 1AR"
Diaspora,Regatul Unit al Marii Britanii și Irlandei de Nord,Londra-Hillingdon 2,,,531,"The Lightinghouse Centre, 51 Queens Walk,  South Ruislip, London HA4 0NL"
Diaspora,Regatul Unit al Marii Britanii și Irlandei de Nord,Londra-Lewisham,,,532,"Goldsmiths, University of London, Richard Hoggart Building, Great Hall/RHB 356, 8 Lewisham Way, London SE14 6NW"
Diaspora,Regatul Unit al Marii Britanii și Irlandei de Nord,Londra-Merton,,,533,"Banner, Wimbletech  Zone 2, Wimbledon Hill Road (entrance via Compton Road),  London SW19 7NB"
Diaspora,Regatul Unit al Marii Britanii și Irlandei de Nord,Londra-Bromley,,,534,"Avis Hotel Ltd, 33 Rodway Road, Bromley, Kent, London BR13JP"
Diaspora,Regatul Unit al Marii Britanii și Irlandei de Nord,Londra-Southwark,,,535,"Pembroke House, 80 Tatum Street, London SE17 1QR"
Diaspora,Regatul Unit al Marii Britanii și Irlandei de Nord,Londra-Wandsworth,,,536,"Studio 25, 4 Royal Victoria Patriotic Building, John Archer Way, London SW18 3SX"
Diaspora,Regatul Unit al Marii Britanii și Irlandei de Nord,Londra-Bexley,,,537,"The City of God 193 Crayford Road, Crayford, London DA1 4HA"
Diaspora,Regatul Unit al Marii Britanii şi Irlandei de Nord,Basildon 1,,,538,"Miorita Mediterranean Grays, 4 Cromwell Road, Grays RM17 5HF"
Diaspora,Regatul Unit al Marii Britanii şi Irlandei de Nord,Basildon 2,,,539,"Best Western The Thurrock Hotel, Ship Ln, Aveley, Purfleet-on-Thames, Purfleet RM19 1YN"
Diaspora,Regatul Unit al Marii Britanii şi Irlandei de Nord,Bedford,,,540,"Mercure Bedford Centre Hotel - Pilgrim Suite, 2 St Mary's St, Bedford MK42 0AR"
Diaspora,Regatul Unit al Marii Britanii şi Irlandei de Nord,Bournemouth,,,541,"Mad4Dance Studio, 61-63 Bargates, Christchurch BH23 1QE"
Diaspora,Regatul Unit al Marii Britanii şi Irlandei de Nord,Brighton And Hove,,,542,"Holiday Inn Brighton - Seafront - Glyndebourne Suite, 137 Kings Rd, Brighton and Hove, Brighton BN1 2JF"
Diaspora,Regatul Unit al Marii Britanii şi Irlandei de Nord,Bristol 1,,,543,"Holiday Inn Bristol City Centre, Bond St, St Paul's, Bristol BS1 3LE"
Diaspora,Regatul Unit al Marii Britanii şi Irlandei de Nord,Bristol 2,,,544,"The Harbourside Pavilion, 1 Hannover Quay,  Harbourside, Bristol BS1 5JE"
Diaspora,Regatul Unit al Marii Britanii şi Irlandei de Nord,Cambridge,,,545,"St. Luke's Church Centre - The Old School, Victoria Rd, Arbury, Cambridge CB4 3DZ"
Diaspora,Regatul Unit al Marii Britanii şi Irlandei de Nord,Canterbury,,,546,"University of Kent, Darwin Conference Suite, Darwin College, Darwin Road, Canterbury, Kent CT2 7NY"
Diaspora,Regatul Unit al Marii Britanii şi Irlandei de Nord,Cardiff,,,547,"Cardiff Metropolitan University, Conference Rooms 2&3, Cyncoed Campus, Cyncoed Road, Cardiff, CF23 6XD"
Diaspora,Regatul Unit al Marii Britanii şi Irlandei de Nord,Colchester,,,548,"HeadGate Theatre - Rehearsal Room, 14 Chapel St North, Colchester, Essex CO2 7AT"
Diaspora,Regatul Unit al Marii Britanii şi Irlandei de Nord,Cornwall,,,549,"Roswarne House, Tehidy Rd, Camborne TR14 8FE"
Diaspora,Regatul Unit al Marii Britanii şi Irlandei de Nord,Crawley,,,550,"Crowne Plaza London Gatwick Hotel - Windsor Suite, Langley Drive, Crawley RH11 7SX"
Diaspora,Regatul Unit al Marii Britanii şi Irlandei de Nord,Epping,,,551,"Regus - Epping, The Civic Building, 323 High St, Epping CM16 4BZ"
Diaspora,Regatul Unit al Marii Britanii şi Irlandei de Nord,Exeter,,,552,"Exeter Community Centre, 17 St. David's Hill, Exeter, EX4 3RG"
Diaspora,Regatul Unit al Marii Britanii şi Irlandei de Nord,Gloucester,,,553,"Mercure Gloucester Bowden Hall Hotel, Bondend Ln, Upton St Leonards, Gloucester GL4 8ED"
Diaspora,Regatul Unit al Marii Britanii şi Irlandei de Nord,Hatfield,,,554,"White Hart Queensway, Hatfield, AL10 0LW"
Diaspora,Regatul Unit al Marii Britanii şi Irlandei de Nord,Hereford,,,555,"Hereford Racecourse, Hummingbird room, Roman Road, Hereford HR4 9QU"
Diaspora,Regatul Unit al Marii Britanii şi Irlandei de Nord,Ipswich,,,556,"Novotel Ipswich Centre, Grey Friars Rd, Ipswich IP1 1UP"
Diaspora,Regatul Unit al Marii Britanii şi Irlandei de Nord,Jersey,,,557,"St Helier's Town Hall, 50 York Street, St Helier JE4 8PA"
Diaspora,Regatul Unit al Marii Britanii şi Irlandei de Nord,Luton 1,,,558,"Sundon Park Baptist Church, Main Church Hall, 244 Sundon Road, Luton, LU3 3AL"
Diaspora,Regatul Unit al Marii Britanii şi Irlandei de Nord,Luton 2,,,559,"The Chiltern Hotel, Waller Avenue, Luton LU4 9RU"
Diaspora,Regatul Unit al Marii Britanii şi Irlandei de Nord,Maidstone,,,560,"Orida Hotel Maidstone, Bearsted Rd, Maidstone, Kent ME14 5AA"
Diaspora,Regatul Unit al Marii Britanii şi Irlandei de Nord,Milton Keynes 1,,,561,"Margaret Powell House, 423 Midsummer Blvd, Milton Keynes MK9 3BN"
Diaspora,Regatul Unit al Marii Britanii şi Irlandei de Nord,Milton Keynes 2,,,562,"Margaret Powell House, 423 Midsummer Blvd, Milton Keynes MK9 3BN"
Diaspora,Regatul Unit al Marii Britanii şi Irlandei de Nord,Norwich,,,563,"Norman Centre, Appleyard and Bignold Rooms, Bignold Road, Norwich NR3 2QZ"
Diaspora,Regatul Unit al Marii Britanii şi Irlandei de Nord,Oxford,,,564,"St Peter's Church - Old School Room, First Turn, Wolvercote, Oxford OX2 8AQ"
Diaspora,Regatul Unit al Marii Britanii şi Irlandei de Nord,Peterborough,,,565,"Peterborough Asylum and Refugee Community Association (PARCA), Unity Hall , Northfield Road, Peterborough, PE1 3QH"
Diaspora,Regatul Unit al Marii Britanii şi Irlandei de Nord,Plymouth,,,566,"The Duke of Cornwall Hotel, Millbay Road, Plymouth, Devon, PL1 3LG"
Diaspora,Regatul Unit al Marii Britanii şi Irlandei de Nord,Portsmouth,,,567,"Havant Methodist Church, Petersfield Road, Havant PO9 2HU"
Diaspora,Regatul Unit al Marii Britanii şi Irlandei de Nord,Reading,,,568,"Reading Business Centre, 8th Floor, Fountain House, 2 Queens Walk, Reading RG1 7QF"
Diaspora,Regatul Unit al Marii Britanii şi Irlandei de Nord,Rugby,,,569,"The Grill Father, Restaurant Romanesc, 233 Lawford Road, Rugby CV2 12JG"
Diaspora,Regatul Unit al Marii Britanii şi Irlandei de Nord,Salisbury,,,570,"The Guildhall, Market Place, Salisbury, Wiltshire SP1 1JH"
Diaspora,Regatul Unit al Marii Britanii şi Irlandei de Nord,Southhampton,,,571,"Leonardo Hotel Southampton, 1 Charlotte Place, Southampton, SO14 0TB"
Diaspora,Regatul Unit al Marii Britanii şi Irlandei de Nord,Stoke-On-Trent,,,572,"Casa Argeseana, 22 Huntbach Street, Hanley, Stoke-on-Trent ST1 2BL"
Diaspora,Regatul Unit al Marii Britanii şi Irlandei de Nord,Swansea,,,573,"Delta Hotels by Marriott Swansea, Trawler Rd, Maritime Quarter, Swansea SA1 3SS"
Diaspora,Regatul Unit al Marii Britanii şi Irlandei de Nord,Swindon,,,574,"Blunsdon House Hotel, The Ridge, Blunsdon, Wiltshire, SN26 7AS"
Diaspora,Regatul Unit al Marii Britanii şi Irlandei de Nord,Taunton,,,575,"Albemarle Centre, Albemarle Road, Taunton TA1 1BA"
Diaspora,Regatul Unit al Marii Britanii şi Irlandei de Nord,Watford,,,576,"Leonardo Hotel Watford, Suite 3, 31 - 35 Clarendon Road, Watford, WD17 1JA"
Diaspora,Regatul Unit al Marii Britanii şi Irlandei de Nord,Windsor,,,577,"Macdonald Windsor Hotel, 23 High Street, Windsor SL4 1LH"
Diaspora,Regatul Unit al Marii Britanii şi Irlandei de Nord,Woking,,,578,"ARCH Alpha Road Community Hall, Alpha Road, Woking GU22 8HF"
Diaspora,Regatul Unit al Marii Britanii şi Irlandei de Nord,Worcester,,,579,"Worcester Racecourse, Pitchcroft, Worcester WR1 3EJ"
Diaspora,Regatul Unit al Marii Britanii și Irlandei de Nord,Manchester 1,,,580,"9 Cooper Street, Manchester, M2 2FW"
Diaspora,Regatul Unit al Marii Britanii și Irlandei de Nord,Manchester 2,,,581,"9 Cooper Street, Manchester, M2 2FW"
Diaspora,Regatul Unit al Marii Britanii și Irlandei de Nord,Bolton,,,582,"Bolton Masonic Hall, Institute St, Bolton BL1 1PZ"
Diaspora,Regatul Unit al Marii Britanii și Irlandei de Nord,Newcastle upon Tyne,,,583,"Riverside Community Health Project, Carnegie Building, Atkinson Road, Benwell, Newcastle upon Tyne, Tyne and Wear, NE4 8XS"
Diaspora,Regatul Unit al Marii Britanii și Irlandei de Nord,Leeds 1,,,584,"St Aidan's Church Leeds, Elford Place West, Leeds LS8 5QD"
Diaspora,Regatul Unit al Marii Britanii și Irlandei de Nord,Leeds 2,,,585,"Horizon Leeds, 2 Brewery Wharf, Kendall Street, Leeds, LS10 1JR"
Diaspora,Regatul Unit al Marii Britanii și Irlandei de Nord,Liverpool,,,586,"Avenue HQ Mann Island, 17 Mann Island, Liverpool,  L3 1BP"
Diaspora,Regatul Unit al Marii Britanii și Irlandei de Nord,Preston,,,587,"The Catherine Beckett Community Centre, Deepdale Enclosure, 112 Deepdale Road, Preston, PR1 5AR"
Diaspora,Regatul Unit al Marii Britanii și Irlandei de Nord,Hull,,,588,"Jubilee Central, 62 King Edward Street, Hull, HU1 3SQ"
Diaspora,Regatul Unit al Marii Britanii și Irlandei de Nord,Doncaster,,,589,"C-view, Church View, Doncaster, DN1 1AF"
Diaspora,Regatul Unit al Marii Britanii și Irlandei de Nord,Sheffield,,,590,"Mercure Sheffield St Paul's Hotel & Spa, 119 Norfolk St, Sheffield City Centre, Sheffield S1 2JE"
Diaspora,Regatul Unit al Marii Britanii și Irlandei de Nord,Nottingham,,,591,"Castle Cavendish Works, Dorking Road, Radford, Nottingham, NG7 5PN"
Diaspora,Regatul Unit al Marii Britanii și Irlandei de Nord,Loughborough,,,592,"Fearon Hall, Rectory Road, Loughborough, Leicestershire, LE11 1PL"
Diaspora,Regatul Unit al Marii Britanii și Irlandei de Nord,Leicester,,,593,"Leicester Community Sports Centre, 16 Commercial Square, Leicester, LE2 7SR"
Diaspora,Regatul Unit al Marii Britanii și Irlandei de Nord,Wolverhampton,,,594,"GTG West Midlands, Bearing Drive, Willenhall, Wolverhampton, WV11 3SZ"
Diaspora,Regatul Unit al Marii Britanii și Irlandei de Nord,Walsall,,,595,"Romanian+ Community Centre, Sneyd Hall Road, Bloxwich, Walsall, WS3 2NN"
Diaspora,Regatul Unit al Marii Britanii și Irlandei de Nord,Birmingham 1,,,596,"Connected Life Church, George Road, Birmingham, B23 7RZ"
Diaspora,Regatul Unit al Marii Britanii și Irlandei de Nord,Birmingham 2,,,597,"The Midlands Greek & Cypriot Association, Park Approach, Birmingham, B23 7SJ"
Diaspora,Regatul Unit al Marii Britanii și Irlandei de Nord,Coventry 1,,,598,"Wava Hall, 31 Barras Green, Coventry, CV2 4LY"
Diaspora,Regatul Unit al Marii Britanii și Irlandei de Nord,Coventry 2,,,599,"Coventry Community Resource Centre, Red Lane, Coventry, CV6 5EE"
Diaspora,Regatul Unit al Marii Britanii și Irlandei de Nord,Northampton 1,,,600,"Northampton Bangladeshi Association, NBA Gateway Resource Centre, Mill Road, Semilong, Northampton, NN2 6AX"
Diaspora,Regatul Unit al Marii Britanii și Irlandei de Nord,Northampton 2,,,601,"St Lukes Centre, Main Road, Northampton, NN5 6JB"
Diaspora,Regatul Unit al Marii Britanii şi Irlandei de Nord,Edinburgh 1,,,602,"Edinburgh, 7-9 N St David St, EH2 1AW"
Diaspora,Regatul Unit al Marii Britanii şi Irlandei de Nord,Edinburgh 2,,,603,"Edinburgh, Conference Centre, 2 Johnston Terrace, EH1 2PW"
Diaspora,Regatul Unit al Marii Britanii şi Irlandei de Nord,Aberdeen,,,604,"Aberdeen, Leonardo Hotel Aberdeen, Guild Street,  AB11 5RG"
Diaspora,Regatul Unit al Marii Britanii şi Irlandei de Nord,Glasgow 1,,,605,"Glasgow, Renfield Centre, 260 Bath Street, G2 4JP"
Diaspora,Regatul Unit al Marii Britanii şi Irlandei de Nord,Glasgow 2,,,606,"Glasgow, Fuse - Glasgow East Youth Drop-In and Community Project, 1567-1573 Shettleston Road Glasgow G32 9AS"
Diaspora,Regatul Unit al Marii Britanii şi Irlandei de Nord,Perth,,,607,"Perth, St John's RC Academy / North Inch Community Campus, Gowans Terrace,  PH1 5BF"
Diaspora,Regatul Unit al Marii Britanii şi Irlandei de Nord,Belfast,,,608,"Belfast, Clayton Hotel Belfast, 22-26 Ormeau Ave, BT2 8HS, Irlanda de Nord"
Diaspora,Regatul Unit al Marii Britanii şi Irlandei de Nord,Ballymena,,,609,"Ballymena, Adair Arms Hotel, 1-7 Ballymoney Road, BT43 5 BS, County Antrim"
Diaspora,Regatul Unit al Marii Britanii şi Irlandei de Nord,Portadown,,,610,"Portadown, Portadown Town Hall, 15 Edward St, Craigavon BT62 3LX"
Diaspora,Maroc,Rabat,,,611,"10, Rue Ouazzane, Hassan, Rabat, 10020"
Diaspora,Mexic,Ciudad de Mexico,,,612,"Calle Sofocles, nr 311, colonia Polanco, alcaldia Miguel Hidalgo, cp 11560, Ciudad de Mexico"
Diaspora,Republica Moldova,Chișinău 1,,,613,"Str Grigore Ureche nr. 2, Chișinău, MD-2001"
Diaspora,Republica Moldova,Chișinău 2,,,614,"Str Grigore Ureche nr. 2, Chișinău, MD-2001"
Diaspora,Republica Moldova,Chișinău 3,,,615,"Str Avram Iancu nr. 36, Chișinău, MD-2002"
Diaspora,Republica Moldova,Chișinău 4,,,616,"Str. Mitropolit Gavriil Bănulescu-Bodoni 59B, Chișinău, MD-2005"
Diaspora,Republica Moldova,Chișinău 5,,,617,"Str. Mitropolit Gavriil Bănulescu-Bodoni 61A, Chișinău, MD-2005"
Diaspora,Republica Moldova,Chișinău 6,,,618,"Str. 31 August 1989 78A, Chișinău, MD-2012"
Diaspora,Republica Moldova,Chișinău 7,,,619,"Str. 31 August 1989 78, Chișinău, MD-2012"
Diaspora,Republica Moldova,Chișinău 8,,,620,"Str.  31 August 1989 78, Chișinău, MD-2012"
Diaspora,Republica Moldova,Chișinău 9,,,621,"Str. Cebotari nr. 53, Chișinău, MD-2012"
Diaspora,Republica Moldova,Chișinău 10,,,622,"Str. Cebotari nr. 53, Chișinău, MD-2012"
Diaspora,Republica Moldova,Chișinău 11,,,623,"Str. Cebotari nr. 53, Chișinău, MD-2012"
Diaspora,Republica Moldova,Chișinău 12,,,624,"Str. Mihai Kogălniceanu nr. 65, Chișinău, MD-2005"
Diaspora,Republica Moldova,Chișinău 13,,,625,"Str. Mihai Kogălniceanu nr. 67, Chișinău, MD-2005"
Diaspora,Republica Moldova,Chișinău 14,,,626,"Str. Nicolae Testemițeanu nr. 27, Chișinău, MD-2025"
Diaspora,Republica Moldova,Chișinău 15,,,627,"Str. Studenților 9/9, Chișinău, MD-2045"
Diaspora,Republica Moldova,Chișinău 16,,,628,"Str. Studenților 9/9, Chișinău, MD-2045"
Diaspora,Republica Moldova,Chișinău 17,,,629,"Bd. Dacia nr. 41, Chișinău, MD-2060"
Diaspora,Republica Moldova,Chișinău 18,,,630,"Bd. Dacia nr. 41, Chișinău, MD-2060"
Diaspora,Republica Moldova,Chișinău 19,,,631,"Str.Suceava 103, Chișinău, MD-2051"
Diaspora,Republica Moldova,Chișinău 20,,,632,"Strada Mihai Viteazul 2, Chișinău, MD-2004"
Diaspora,Republica Moldova,Hîncești,,,633,"Str. Chișinăului 9,  Hîncești, MD-3401"
Diaspora,Republica Moldova,Ialoveni,,,634,"Str. Alexandru cel Bun nr. 86, Ialoveni, MD-6801"
Diaspora,Republica Moldova,Nisporeni,,,635,"Str. Alexandru cel Bun nr. 55, Nisporeni, MD - 6401"
Diaspora,Republica Moldova,Orhei 1,,,636,"Str. Chișinăului nr. 9, Orhei, MD - 3505"
Diaspora,Republica Moldova,Orhei 2,,,637,"Str. Vasile Lupu 60/1, Orhei, MD-3505"
Diaspora,Republica Moldova,Căușeni,,,638,"Str. Păcii nr. 18, Căușeni, MD - 4300"
Diaspora,Republica Moldova,Anenii Noi,,,639,"Str. Parcului nr. 13, Anenii Noi, MD - 6500"
Diaspora,Republica Moldova,Bardar,,,640,"Str. Aurel David nr. 70, Bardar, MD - 6811"
Diaspora,Republica Moldova,Călărași,,,641,"Str. Mihai Eminescu nr. 19, Călarași, MD - 4404"
Diaspora,Republica Moldova,Durlești,,,642,"Str. Alexandru cel Bun nr. 5, Durlești, MD - 2003"
Diaspora,Republica Moldova,Strășeni,,,643,"Str. Mihai Eminescu nr. 37, Strășeni, MD - 3701"
Diaspora,Republica Moldova,Stăuceni,,,644,"Str. Gratiesti nr. 3A, Stăuceni MD - 4839"
Diaspora,Republica Moldova,Băcioi,,,645,"Str. Independenței nr. 125, Băcioi, MD - 6812"
Diaspora,Republica Moldova,Mereni,,,646,"Str. Ștefan cel Mare nr. 96, Mereni, MD - 6526"
Diaspora,Republica Moldova,Răzeni,,,647,"Str. Grigore Bivol nr. 2, Răzeni, MD - 7727"
Diaspora,Republica Moldova,Costești,,,648,"Str. Ștefan cel Mare și Sfînt nr. 68, Costești, MD - 6813"
Diaspora,Republica Moldova,Ștefan Vodă,,,649,"Str. 31 August 1989 nr. 2, Ștefan Vodă, MD - 4201"
Diaspora,Republica Moldova,Criuleni,,,650,"Str. 31 August 1989 nr. 102, Criuleni, MD - 4801"
Diaspora,Republica Moldova,Bălți 1,,,651,"Str. Ștefan cel Mare, nr. 81, Bălți"
Diaspora,Republica Moldova,Bălți 2,,,652,"Str. Ștefan cel Mare, nr. 81, Bălți"
Diaspora,Republica Moldova,Briceni,,,653,"Bd. Independenței, nr. 30, Briceni"
Diaspora,Republica Moldova,Ocnița,,,654,"Str. Mihai Viteazul, nr. 1, Ocnița"
Diaspora,Republica Moldova,Edineț,,,655,"Str. Octavian Cirimpei, nr. 30, Edineț"
Diaspora,Republica Moldova,Dondușeni,,,656,"Str.Independenței, nr.97, Dondușeni"
Diaspora,Republica Moldova,Soroca,,,657,"Str.Independenței, nr. 74, Soroca"
Diaspora,Republica Moldova,Rîșcani,,,658,"Str. 31 August, nr. 4, Rîșcani"
Diaspora,Republica Moldova,Drochia,,,659,"Bd. Independenței, nr. 15, Drochia"
Diaspora,Republica Moldova,Florești,,,660,"Str.Speranța, nr. 1, Florești"
Diaspora,Republica Moldova,Glodeni,,,661,"Str. Suveranității, nr. 2, Glodeni"
Diaspora,Republica Moldova,Șoldănești,,,662,"Str. 31 August, nr. 2, Șoldănești"
Diaspora,Republica Moldova,Sîngerei,,,663,"Str. Barbu Lăutaru, nr. 29,  Singerei"
Diaspora,Republica Moldova,Rezina,,,664,"Str. 27 August 1989, nr.1, Rezina"
Diaspora,Republica Moldova,Ungheni 1,,,665,"Str. Națională, nr.3, Ungheni"
Diaspora,Republica Moldova,Ungheni 2,,,666,"Str. Națională, nr.3, Ungheni"
Diaspora,Republica Moldova,Fălești,,,667,"Str. Alexandru Lăpușneanu, nr. 1, Fălești"
Diaspora,Republica Moldova,Telenești,,,668,"Str. Ciprian Porumbescu, nr. 3, Telenești"
Diaspora,Republica Moldova,Cahul 1,,,669,"Piața Independenței 1, cod poștal MD-3909"
Diaspora,Republica Moldova,Cahul 2,,,670,"Piața Independenței 1, cod poștal MD-3909"
Diaspora,Republica Moldova,Cantemir,,,671,"str. Ștefan Vodă, nr. 1, cod poștal MD-7300"
Diaspora,Republica Moldova,Carabetovca,,,672,"str. Ștefan cel Mare, nr. 38, cod poștal MD-6713"
Diaspora,Republica Moldova,Cimișlia,,,673,"str. Ion Popușoi, nr. 2, cod poștal MD-4101"
Diaspora,Republica Moldova,Comrat,,,674,"str. Tretiacov, nr. 36, cod poștal MD-3805"
Diaspora,Republica Moldova,Giurgiulești,,,675,"str. Independenței, nr. 27, cod poștal MD-5318"
Diaspora,Republica Moldova,Leova,,,676,"str. Ștefan cel Mare, nr. 67, cod poștal MD-6301"
Diaspora,Muntenegru,Podgorica,,,677,"strada I Proleterske nr. 5, Podgorica, cod poștal 81000"
Diaspora,Nigeria,Abuja,,,678,"76 Nelson Mandela Street,  Plot 498, Asokoro, Abuja"
Diaspora,Norvegia,Oslo 1,,,679,"Josefines gate 34, 0351"
Diaspora,Norvegia,Oslo 2,,,680,"Refstadveien 27, 0589"
Diaspora,Norvegia,Jessheim,,,681,"Leirvegen 6, 2066"
Diaspora,Norvegia,Drammen,,,682,"Tollbugata 43, 3044"
Diaspora,Norvegia,Kristiansand,,,683,"Lumberveien 35A, 4621"
Diaspora,Norvegia,Stavanger,,,684,"Heddeveien 141, 4034"
Diaspora,Norvegia,Bergen,,,685,"Zander Kaaes gate 6, 5015"
Diaspora,Norvegia,Skodje,,,686,"Niusvegen 3, 6260"
Diaspora,Norvegia,Trondheim,,,687,"Beddingen 1, 7042"
Diaspora,Norvegia,Tromso,,,688,"Kaigata 6, 9008"
Diaspora,Olanda,Haga 1,,,689,"Johan de Wittlaan 30, cod poștal 2517 JR, Den Haag"
Diaspora,Olanda,Haga 2,,,690,"Johan de Wittlaan 30, cod poștal 2517 JR, Den Haag"
Diaspora,Olanda,Haga 3,,,691,"Johan de Wittlaan 30, cod poștal 2517 JR, Den Haag"
Diaspora,Olanda,Amsterdam 1,,,692,"Jodenbreestraat 25, cod poștal 1011 NH, Amsterdam"
Diaspora,Olanda,Amsterdam 2,,,693,"Jodenbreestraat 25, cod poștal 1011 NH, Amsterdam"
Diaspora,Olanda,Amsterdam 3,,,694,"Jodenbreestraat 25, cod poștal 1011 NH, Amsterdam"
Diaspora,Olanda,Rotterdam 1,,,695,"Delftsestraat 5, cod poștal 3013 AB, Rotterdam"
Diaspora,Olanda,Rotterdam 2,,,696,"Delftsestraat 5, cod poștal 3013 AB, Rotterdam"
Diaspora,Olanda,Rotterdam 3,,,697,"Delftsestraat 5, cod poștal 3013 AB, Rotterdam"
Diaspora,Olanda,Eindhoven 1,,,698,"Torenallee 24, cod poștal 5617 BD, Eindhoven"
Diaspora,Olanda,Eindhoven 2,,,699,"Torenallee 24, cod poștal 5617 BD, Eindhoven"
Diaspora,Olanda,Eindhoven 3,,,700,"Torenallee 24, cod poștal 5617 BD, Eindhoven"
Diaspora,Olanda,Breda 1,,,701,"Bavelseparklaan 7, cod poștal 4817 ZX, Breda"
Diaspora,Olanda,Breda 2,,,702,"Bavelseparklaan 7, cod poștal 4817 ZX, Breda"
Diaspora,Olanda,Breda 3,,,703,"Bavelseparklaan 7, cod poștal 4817 ZX, Breda"
Diaspora,Olanda,Groningen 1,,,704,"Zuiderweg 70/1, cod poștal 9744 AP, Groningen"
Diaspora,Olanda,Groningen 2,,,705,"Zuiderweg 70/1, cod poștal 9744 AP, Groningen"
Diaspora,Olanda,Utrecht 1,,,706,"Floraweg nr. 25, cod poștal 3542 DX, Utrecht"
Diaspora,Olanda,Utrecht 2,,,707,"Floraweg nr. 25, cod poștal 3542 DX, Utrecht"
Diaspora,Olanda,Den Bosch 1,,,708,"Marathonloop 1, cod poștal 5235 AA,  's-Hertogenbosch"
Diaspora,Olanda,Den Bosch 2,,,709,"Marathonloop 1, cod poștal 5235 AA,  's-Hertogenbosch"
Diaspora,Olanda,Maastricht,,,710,"Forum 100, cod poștal 6229 GV, Maastricht"
Diaspora,Olanda,Enschede,,,711,"Hoge Bothofstraat 49, cod poștal 7511 ZA, Enschede"
Diaspora,Sultanatul Oman,Muscat,,,712,"Villa 2990, Way 2840, Shatti al Qurum, PC 103, Muscat"
Diaspora,Republica Islamică Pakistan,Islamabad,,,713,"Islamabad, Sector F-7/1, Street 30, House no. 5A"
Diaspora,Palestina,Ramallah,,,714,"Prico House Building, 2nd floor, Al-Masyoun"
Diaspora,Peru,Lima,,,715,"Avenida Jorge Basadre 690, San Isidro, 15073,Lima"
Diaspora,Polonia,Varșovia,,,716,"ul.Fr.Chopina 10, cod poștal 00-559, Varșovia"
Diaspora,Polonia,Cracovia,,,717,"ul. Rajska 1, cod poștal 31-124, Cracovia"
Diaspora,Polonia,Wrocław,,,718,"Plac Powstańców Warszawy 1, cod poștal 50-153, Wrocław"
Diaspora,Polonia,Gdańsk,,,719,"ul. Piekarnicza 16, cod poștal 80 -126, Gdańsk"
Diaspora,Portugalia,Lisabona 1,,,720,"Rua São Caetano, 5, 1200-828 Lisabona"
Diaspora,Portugalia,Lisabona 2,,,721,"Rua São Caetano, 5, 1200-828 Lisabona"
Diaspora,Portugalia,Lisabona 3,,,722,"Rua do Barão, 8-10, 1100-072 Lisabona"
Diaspora,Portugalia,Porto,,,723,"Fundação AEP, Avenida da Boavista, 2671, 4100-135 Porto"
Diaspora,Portugalia,Santarém,,,724,"Pavilhão do Futuro, Campo Emílio Infante da Câmara, 2000-014 Santarém"
Diaspora,Portugalia,Setúbal,,,725,"Centro Multicultural de Setúbal, Rua das Piteiras, 2910-638 Setúbal"
Diaspora,Portugalia,Loulé,,,726,"Convento Espírito Santo,Cerca do Convento, Sala 14,Praça da República 8100 Loulé"
Diaspora,Portugalia,Tavira,,,727,"Mercado da Ribeira, Loja 7, Rua José Pires Padinha, 60, 8800-354 Tavira"
Diaspora,Portugalia,Lagos,,,728,"Paços do Concelho Séc. XXI, Praça do Município, 8600-293 Lagos (Primăria Municipală)"
Diaspora,Qatar,Doha,,,729,"Street 953 (Ibn Roshd Street), Building No. 102, Onaiza 65, Dafna Area, Doha"
Diaspora,Federația Rusă,Moscova,,,730,"119590, Moscova, Mosfilmovskaia uliţa nr. 64"
Diaspora,Federația Rusă,Sankt Petersburg,,,731,"Str. Gorohovaia nr. 4, cod poștal 191186, Sankt Petersburg"
Diaspora,Senegal,Dakar,,,732,"Rue Ax9A, Point E, Dakar, 10700"
Diaspora,Serbia,Belgrad,,,733,"Str. Mihaila Avramovica nr. 12, cod poștal 11040"
Diaspora,Serbia,Vârșeț,,,734,"Trg Zelene Pijace, 3A, cod poștal 26300, Vârșeț"
Diaspora,Serbia,Zaječar,,,735,"strada Kumanovska, nr. 45, cod poștal 19000, Zaječar"
Diaspora,Serbia,Priștina,,,736,"Str. Azem Jashanica, nr. 44-46, Arberia/Dragodan, cod poștal 10000, Priştina"
Diaspora,Singapore,Singapore,,,737,"390 Havelock Rd, #03-05, cod poștal 169662"
Diaspora,Siria,Damasc,,,738,"strada Ibrahim Hanano nr. 8, cartier Malki"
Diaspora,Republica Slovacă,Bratislava,,,739,"Fraña Kraľa 11, Stare Mesto, 811 05 Bratislava"
Diaspora,Slovenia,Ljubljana,,,740,"Smrekarjeva 33a, 1107 Ljubljana"
Diaspora,Spania,Madrid 1,,,741,"Avenida de Alfonso XIII, 157, 28016 Madrid"
Diaspora,Spania,Madrid 2,,,742,"Avenida de Alfonso XIII, 157, 28016 Madrid"
Diaspora,Spania,Madrid 3,,,743,"Avenida de la Albufera, 319, 28031 Madrid"
Diaspora,Spania,Madrid 4,,,744,"Avenida de la Albufera, 319, 28031 Madrid"
Diaspora,Spania,Madrid 5,,,745,"Plaza del Cordón, 1, bajo dcha., 28005 Madrid"
Diaspora,Spania,Madrid 6,,,746,"Calle de los Andaluces, 20, Posterior, Puente de Vallecas, 28038 Madrid"
Diaspora,Spania,Madrid 7,,,747,"Calle de las Tubas, 9, Latina, 28054 Madrid"
Diaspora,Spania,Adeje,,,748,"Centro de Participación Ciudadana y Convivencia, Calle Beneharo, 4, 38670 Adeje"
Diaspora,Spania,Alcala de Henares 1,,,749,"Centro Cívico La Galatea, Calle Emilia Pardo Bazán, 3, 28806 Alcala de Henares"
Diaspora,Spania,Alcala de Henares 2,,,750,"Centro Cívico La Galatea, Calle Emilia Pardo Bazán, 3, 28806 Alcala de Henares"
Diaspora,Spania,Alcorcon,,,751,"Centro Joven “Yolanda González”, Calle Maestro Victoria, 22, 28923 Alcorcon"
Diaspora,Spania,Aranjuez,,,752,"Centro Social San Theodore Stratelates, Camino del Mar Chico 21, 28300 Aranjuez"
Diaspora,Spania,Arganda del Rey 1,,,753,"Hotel B&B, Avenida de Madrid, 105, 28500 Arganda del Rey"
Diaspora,Spania,Arganda del Rey 2,,,754,"Hotel B&B, Avenida de Madrid, 105, 28500 Arganda del Rey"
Diaspora,Spania,Avila,,,755,"Centro de Exposiciones y Congresos Lienzo Norte - Sala de prensa, Avenida de Madrid 102, 05001 Avila"
Diaspora,Spania,Azuqueca de Henares,,,756,"El Foro, Calle Ciudad Real, s/n, 19200 Azuqueca de Henares"
Diaspora,Spania,Collado Villalba,,,757,"Hotel Galaico, Avenida Juan Carlos I, 45, 28400 Collado Villalba"
Diaspora,Spania,Coslada 1,,,758,"Hotel AC Marriott Coslada Aeropuerto, Cam. de las Rejas, San Blas-Canillejas, 28022 Madrid"
Diaspora,Spania,Coslada 2,,,759,"Centro de negocios Coslada, Calle de la Mancha, 1, 28823 Coslada"
Diaspora,Spania,Coslada 3,,,760,"Centro de negocios Coslada, Calle de la Mancha, 1, 28823 Coslada"
Diaspora,Spania,Fuenlabrada,,,761,"FAPA Ginger de los Rios, Calle de Logroño, 2, 28941 Fuenlabrada"
Diaspora,Spania,Getafe,,,762,"Casa Nacional de Rumania, Calle Greco s.n., 28904 Getafe"
Diaspora,Spania,Guadalajara,,,763,"Centro San José, Calle de Atienza, 4, 19003 Guadalajara"
Diaspora,Spania,Las Palmas,,,764,"Oficinas Municipales del Edificio Metropol, intrarea prin Parque Romano, Calle León y Castillo, 270, 35005 Las Palmas de Gran Canaria"
Diaspora,Spania,Leganes,,,765,"Ayuntamiento de Leganés, Plaza Mayor, 1, 28911 Leganés"
Diaspora,Spania,Leon,,,766,"Centro de Mayores de Puente Castro, Calle La Flecha, 11, 24005 León"
Diaspora,Spania,Maspalomas,,,767,"Estadio Municipal De Maspalomas, Sala de Prensa, Entrada Calle San Mateo s/n, 35100 Maspalomas"
Diaspora,Spania,Mostoles,,,768,"Centro Sociocultural Norte-Universidad, Avenida del Alcalde de Móstoles, 34, 28933 Móstoles"
Diaspora,Spania,Pinto,,,769,"Ayuntamiento de Pinto, Plaza de la Constitución, 1, 28320 Pinto"
Diaspora,Spania,Rivas-Vaciamadrid,,,770,"Casa de Asociaciones, Avenida Armando Rodríguez Vallina, s/n, 28523 Rivas-Vaciamadrid"
Diaspora,Spania,Salamanca,,,771,"Centro Municipal Integrado Victoria Adrados, Avenida Villamayor, 71, 37007 Salamanca"
Diaspora,Spania,San Martin de la Vega,,,772,"Avenida Abogados de Atocha, 15, 28330 San Martín de la Vega"
Diaspora,Spania,San Sebastian de los Reyes,,,773,"Centro de Formación Ocupacional Marcelino Camacho, Avenida Ramón y Cajal, 5, et. 1, 28703 San Sebastián de los Reyes"
Diaspora,Spania,Santa Cruz de Tenerife,,,774,"Recinto Ferial, Calle Alcalde Josė Emilio Garcia Gómez, 38005 Santa Cruz de Tenerife"
Diaspora,Spania,Soria,,,775,"Subdelegación del Gobierno, Calle Alfonso VIII, 2, 42003 Soria"
Diaspora,Spania,Torrejon de Ardoz 1,,,776,"Centro Polivalente Abogados de Atocha, Calle de Londres, 11B, 28850 Torrejón de Ardoz"
Diaspora,Spania,Torrejon de Ardoz 2,,,777,"Centro Polivalente Abogados de Atocha, Calle de Londres, 11B, 28850 Torrejón de Ardoz"
Diaspora,Spania,Valdemoro,,,778,"Centro Municipal de Empresas de Valdemoro, Calle Gaspar Bravo de Sobremonte, 8, 28341 Valdemoro"
Diaspora,Spania,Valladolid,,,779,"Centro Cívico Rondilla, Calle Alberto Fernández, 3, 47010 Valladolid"
Diaspora,Spania,Velilla de San Antonio,,,780,"Centro de Asociaciones, Calle Ventura Rodríguez, 7, 28891 Velilla de San Antonio"
Diaspora,Spania,Villanueva de la Canada,,,781,"Centro Cultural La Despernada, Calle Olivar, 10, 28691 Villanueva de la Cañada"
Diaspora,Spania,Barcelona 1,,,782,"Hotel Torre Melina Gran Meliá Av. Diagonal, 671, Les Corts, 08028 Barcelona"
Diaspora,Spania,Barcelona 2,,,783,"Hotel SB Diagonal Zero, Plaza Llevant, s/n, 08019, Barcelona"
Diaspora,Spania,Barcelona 3,,,784,"Hotel Silken Sant Gervasi, Carrer de Sant Gervasi de Cassoles, 26, Sarrià-Sant Gervasi, 08022 Barcelona"
Diaspora,Spania,Figueres,,,785,"Espai Empresarial ”Gran Firal”, C/ Alemanya, nr. 18, sala 12 17600 Figueres"
Diaspora,Spania,Lleida 1,,,786,"Lonja Mercolleida, Avinguda de Tortosa, 2, 25005, Lleida"
Diaspora,Spania,Lleida 2,,,787,"Lonja Mercolleida, Avinguda de Tortosa, 2, 25005, Lleida"
Diaspora,Spania,Girona 1,,,788,"Casa de la Cultura, Aula 4, Pl. de l'Hospital, 6, 17002 Girona"
Diaspora,Spania,Girona 2,,,789,"Palau de Fires, Sala de Juntas, Pg. de la Devesa, 34 - 36, 17001 Girona"
Diaspora,Spania,Guissona,,,790,"Ayuntamiento, sala de consiliu, Plaza Bisbe Benlloch, 1, 25210, Guissona"
Diaspora,Spania,Lloret de Mar,,,791,"Centre Civic Can Carbó, Carrer de Barcelona, 18, 17310 Lloret de Mar"
Diaspora,Spania,Manresa,,,792,"Palau Firal, Calle Castelladral 5-7, 08243, Manresa, Spania"
Diaspora,Spania,Reus,,,793,"Centre Civic Ponent Avinguda dels Països Catalans, 106, 43205 Reus"
Diaspora,Spania,Sabadell,,,794,"Centro Cívico de la Creu Alta-Cal Balsach, Carretera de Prats de Lluçanès, 2, 08208 Sabadell"
Diaspora,Spania,Tarragona 1,,,795,"Hotel Tarraco Park, Carretera de Valencia, 206, 43006, Tarragona"
Diaspora,Spania,Tarragona 2,,,796,"Hotel Tarraco Park, Carretera de Valencia, 206, 43006, Tarragona"
Diaspora,Spania,Tarrega,,,797,"Centre La Solana 2, Carrer de l'Hospital, 2, bajos, 25300 Tàrrega."
Diaspora,Spania,Tortosa,,,798,"Espai Sant Joan, Plaza de Sant Joan, 4, 43500, Tortosa"
Diaspora,Spania,Vilanova i la Geltru,,,799,"Espai de la Tecnología ""Neapolis"", Rambla de l'Exposició, 59, 08800, Vilanova i la Geltrú"
Diaspora,Spania,Palma de Mallorca,,,800,"Hotel Isla Mallorca & Spa, Carrer de Pilar Juncosa, 7, 07014, Palma"
Diaspora,Spania,Pollença,,,801,"Fundació Rotger Villalonga, sala FRV, C/ Philip Newman, 11, 07460, Pollença"
Diaspora,Spania,Ibiza 1,,,802,"Parroquia Santa Cruz Ibiza, C/d'Arago, 16 bajo, 07800, Ibiza"
Diaspora,Spania,Ibiza 2,,,803,"Club Parroquial, Carrer de Jorge Manrique, 1, 07849, Santa Eularia des Riu"
Diaspora,Spania,Bilbao 1,,,804,"Calle San Vicente, 6, cod poștal 48001, Bilbao"
Diaspora,Spania,Bilbao 2,,,805,"Calle San Vicente, 6, cod poștal 48001, Bilbao"
Diaspora,Spania,Bilbao 3,,,806,"Calle San Vicente, 6, cod poștal 48001, Bilbao"
Diaspora,Spania,Burgos 1,,,807,"Calle Madrid, 25, cod poștal 09002, Burgos"
Diaspora,Spania,Burgos 2,,,808,"Calle Madrid, 25, cod poștal 09002, Burgos"
Diaspora,Spania,Calahorra,,,809,"Calle Maestro Falla, 13, cod poștal 26500, Calahorra"
Diaspora,Spania,Gijon,,,810,"Av. De Oviedo, 15, cod poștal 33211, Gijon"
Diaspora,Spania,Logrono 1,,,811,"Calle San Millan, 25,cod poștal 26071, Logrono"
Diaspora,Spania,Logrono 2,,,812,"Calle San Millan, 25,cod poștal 26071, Logrono"
Diaspora,Spania,Logrono 3,,,813,"Calle San Millan, 25,cod poștal 26071, Logrono"
Diaspora,Spania,Oviedo,,,814,"Plaza de Los Ferroviaros, 1, cod poștal 33003, Oviedo"
Diaspora,Spania,Pamplona 1,,,815,"Calle Comunidad de Navarra, 2, cod poștal 31010, Baranain"
Diaspora,Spania,Pamplona 2,,,816,"Calle Comunidad de Navarra, 2, cod poștal 31010, Baranain"
Diaspora,Spania,San Sebastian,,,817,"Calle Antonio Maria Labaien, 1, cod poștal 20009, San Sebastian"
Diaspora,Spania,Santander 1,,,818,"Av. De Parayas, 2A, cod poștal 39011, Santander"
Diaspora,Spania,Santander 2,,,819,"Av. De Parayas, 2A, cod poștal 39011, Santander"
Diaspora,Spania,Vigo,,,820,"Av. De la Florida, 60, cod poștal 36210, Vigo"
Diaspora,Spania,Sevilla 1,,,821,"Avenida Manuel Siurot, 30, 41013, Sevilla"
Diaspora,Spania,Sevilla 2,,,822,"Hotel Occidental Sevilla Viapol - calle Balbino Marron 9, 41018, Sevilla"
Diaspora,Spania,Cadiz,,,823,"Casa Iberoamerica de Cadiz, sala Florencia del Castillo - calle Concepcion Arenal s/n, 11006, Cadiz"
Diaspora,Spania,Almonte,,,824,"Casa de Cultura de Almonte - calle Luis Benjumea 5, 21730, Almonte"
Diaspora,Spania,Rociana del Condado,,,825,"Casa de Cultură Odon Betanzos Palacios - calle San Bartolome, 5, 21720, Rociana del Condado"
Diaspora,Spania,Palos de la Frontera,,,826,"Club Social Plus Ultra - calle Andalucia, 18, 21810, Palos de la Frontera"
Diaspora,Spania,Moguer,,,827,"Casa Natal de Juan Ramon Jimenez - calle Ribera, 2, 21800, Moguer"
Diaspora,Spania,Huelva,,,828,"Asociația de vecini Noua Huelva - calle Alonso de Ercilla, nr. 21, 21005, Huelva"
Diaspora,Spania,Lepe,,,829,"Alcaldia de Blas Infante - calle Pio XII, 2, 21440 Lepe"
Diaspora,Spania,Malaga 1,,,830,"Clădirea Tabacalera, modulul 3, parter - calle Concejal Muñoz Cervan 3, carretera de Cadiz, 29004, Malaga"
Diaspora,Spania,Malaga 2,,,831,"Clădirea Tabacalera, modulul 3, parter - calle Concejal Muñoz Cervan 3, carretera de Cadiz, 29004, Malaga"
Diaspora,Spania,Marbella,,,832,"Hotel NH Marbella - avda. Conde Rudi, 531, 29600, Marbella"
Diaspora,Spania,Manilva,,,833,"Sala de plen, Primăria Manilva -  calle Doctor Alvarez Leida, 8, 29691 Manilva"
Diaspora,Spania,Cordoba,,,834,"Sala de Presă, Primăria Cordoba, parter - calle Capitulares 1, Centro, 14002, Cordoba"
Diaspora,Spania,Almendralejo,,,835,"Centru Civic, sala 1 - calle Merida 11, 06200, Almendralejo"
Diaspora,Spania,Merida,,,836,"Hotel Ilunion Las Lomas - av. Reina Sofia, 78, 06800, Merida"
Diaspora,Spania,Zaragoza 1,,,837,"Cámara Oficial de Comercio e Industria de Zaragoza, Paseo Isabel la Católica nr.2, 50009 Zaragoza"
Diaspora,Spania,Zaragoza 2,,,838,"Cámara Oficial de Comercio e Industria de Zaragoza, Paseo Isabel la Católica nr.2, 50009 Zaragoza"
Diaspora,Spania,Zaragoza 3,,,839,"Cámara Oficial de Comercio e Industria de Zaragoza, Paseo Isabel la Católica nr.2, 50009 Zaragoza"
Diaspora,Spania,Zaragoza 4,,,840,"Cámara Oficial de Comercio e Industria de Zaragoza, Paseo Isabel la Católica nr.2, 50009 Zaragoza"
Diaspora,Spania,Alcañiz,,,841,"Hotel Ciudad de Alcañiz, Avenida Zaragoza, nr. 88, 44600 Alcañiz, Teruel"
Diaspora,Spania,Calatayud,,,842,"Ayuntamiento de Calatayud, Plaza Joaquin Costa nr.14, 50300, Calatayud, Zaragoza"
Diaspora,Spania,Ciudad Real,,,843,"Calle de la Mata, 37, cod poștal 13004, Ciudad Real, provincia Ciudad Real"
Diaspora,Spania,Albacete,,,844,"Centro Sociocultural Casa Carretas: Plaza Mateo Villora, 1, et. 1, cod poștal 02001, Albacete, provincia Albacete"
Diaspora,Spania,Alcázar de San Juan,,,845,"Centro Cívico: Plaza de España s/n, cod poștal 13600, Alcázar de San Juan, provincia Ciudad Real"
Diaspora,Spania,Cuenca,,,846,"Centro Social Municipal Buenavista: Calle San Leopoldo, 1, cod poștal 16002, Cuenca, provincia Cuenca"
Diaspora,Spania,Madridejos,,,847,"Museo del Azafrán: Calle San Francisco, 17, cod poștal 45710, Madridejos, provincia Toledo"
Diaspora,Spania,Ocaña,,,848,"Centro Polivalente de Reuniones Juan Pablo II: Calle Cisneros, 3, cod poștal 45300, Ocaña, provincia Toledo"
Diaspora,Spania,Quintanar de la Orden,,,849,"Centro Cultural Príncipe de Asturias: Calle Ramón y Cajal, 8, cod poștal 45800, Quintanar de la Orden, provincia Toledo"
Diaspora,Spania,Quintanar del Rey,,,850,"Centro Cultural Alfonso Sáiz López, Calle Cura, 22, cod poștal 16220, Quintanar del Rey, provincia Cuenca"
Diaspora,Spania,Talavera de la Reina,,,851,"Cámara Comercio: Plaza del Pan, 11, cod poștal 45600, Talavera de la Reina, provincia Toledo"
Diaspora,Spania,Tarancón,,,852,"Casa de las Asociaciones: Plaza de la Constitución, 1, cod poștal 16400, Tarancón, provincia Cuenca"
Diaspora,Spania,Toledo,,,853,"Centro Cívico de Santa Bárbara: Calle Ciudadano, 7, cod poștal 45006, Toledo, provincia Toledo"
Diaspora,Spania,Tomelloso,,,854,"Antiguo Hangar de la Estación de Ferrocarril: Calle Airén, 8, cod poștal 13700, Tomelloso, provincia Ciudad Real"
Diaspora,Spania,Villarrobledo,,,855,"Museo-Biblioteca Municipal: Calle de la Carrasca, 29, cod poștal 02600, Villarrobledo, provincia Albacete"
Diaspora,Spania,Almeria 1,,,856,"Carretera Huercal de Almeria, 46, cod poștal 04009, Almeria, Provincia Almeria"
Diaspora,Spania,Almeria 2,,,857,"Hotel Costasol, Paseo de Almeria, 58, cod poștal 04001, Almeria, Provincia Almeria"
Diaspora,Spania,Roquetas de Mar 1,,,858,"Escuela Municipal de Musica, Danza y Teatro, Calle Eduardo Fajardo, 55, cod poștal 04720, El Parador de las Hortichuelas, Provincia Almeria"
Diaspora,Spania,Roquetas de Mar 2,,,859,"Escuela Municipal de Musica, Danza y Teatro, Calle Eduardo Fajardo, 55, cod poștal 04720, El Parador de las Hortichuelas, Provincia Almeria"
Diaspora,Spania,Roquetas de Mar 3,,,860,"Escuela Municipal de Musica, Danza y Teatro, Calle Eduardo Fajardo, 55, cod poștal 04720, El Parador de las Hortichuelas, Provincia Almeria"
Diaspora,Spania,El Ejido 1,,,861,"Centro de Usos Múltiples de Santo Domingo, Avenida del Oasis, 102, cod poștal 04700,  El Ejido, Provincia Almeria"
Diaspora,Spania,El Ejido 2,,,862,"Centro de Usos Múltiples de Santo Domingo, Avenida del Oasis, 102, cod poștal 04700,  El Ejido, Provincia Almeria"
Diaspora,Spania,Motril,,,863,"Centro Intercultural, Calle Galicia, 10, bajo B, cod poștal 18600, Motril, Provincia Granada"
Diaspora,Spania,Granada,,,864,"Centro Cívico Zaidín, Calle Torre de las Damas, s/n, cod poștal 18007, Granada, Provincia Granada"
Diaspora,Spania,Lorca,,,865,"Hotel Amaltea, Carretera de Granada, 147, cod poștal 30813, Lorca, Provincia Murcia"
Diaspora,Spania,Murcia,,,866,"Hotel Occidental Murcia Agalia, Avenida Arquitecto Miguel Ángel Beloqui, 7, cod poștal 30006, Murcia, Provincia Murcia"
Diaspora,Spania,Ubeda,,,867,"Hotel Ciudad de Ubeda, Calle Cronista Juan de la Torre, 5, cod poștal 23400, Ubeda, Provincia Jaen"
Diaspora,Spania,Castellon 1,,,868,"Castellon de la Plana, Avenida Hermanos Bou, 79, 12003"
Diaspora,Spania,Castellon 2,,,869,"Castellon de la Plana, Avenida Hermanos Bou, 79, 12003"
Diaspora,Spania,Castellon 3,,,870,"Castellon de la Plana, Avenida Hermanos Bou, 79, 12003"
Diaspora,Spania,Almazora,,,871,"Almazora, Calle Instituto, 2, 12550"
Diaspora,Spania,Onda,,,872,"Onda, Calle la Cosa, 2, 12200"
Diaspora,Spania,Oropresa del Mar,,,873,"Oropresa del Mar, Carrer la Carta Pobla, 2, 12594"
Diaspora,Spania,Peniscola,,,874,"Peniscola, Carrer del Mestre Bayarri, 2, 12598"
Diaspora,Spania,Vila-Real,,,875,"Vila-real, Av. Arcadi Garcia Sanz, 1, 12540"
Diaspora,Spania,Vinaros,,,876,"Vinaros, Av. de la Llibertat, 1, 12500"
Diaspora,Spania,Gandia,,,877,"Gandia, Plaça de les Xocolateres, 6, 46701"
Diaspora,Spania,Paterna,,,878,"Paterna, Carrer de Leonardo da Vinci, s/n, 46980"
Diaspora,Spania,Almussafes,,,879,"Almussafes, Av. de la Foia, 46440"
Diaspora,Spania,Valencia 1,,,880,"Valencia, Plaza de Alfonso el Magnánimo, 12, 46003"
Diaspora,Spania,Valencia 2,,,881,"Valencia, Plaza de Alfonso el Magnánimo, 12, 46003"
Diaspora,Spania,Valencia 3,,,882,"Valencia, Av. d'Amado Granell Mesado, 48, 46013"
Diaspora,Spania,Xativa,,,883,"Xàtiva, Carrer de Sant Agusti, 9, 46800"
Diaspora,Spania,Alicante,,,884,"Alicante, C. San Fernando, 16, 03002"
Diaspora,Spania,Elche,,,885,"Elche, C. Miguel Servet, 25, 03203"
Diaspora,Spania,Benidorm,,,886,"Benidorm, C. del Actor Luis Prendes, 4, 03502"
Diaspora,Spania,Torrevieja,,,887,"Torrevieja, Rbla. Juan Mateo García, 19, 03181"
Diaspora,Sri Lanka,Colombo,,,888,"25/1 Horton Place, Colombo 00700"
Diaspora,SUA,Washington DC,,,889,1680 Wisconsin Ave NW Washington DC 20007
Diaspora,SUA,"Old Hickory, TN",,,890,4112 Union Street Old Hickory TN 37138
Diaspora,SUA,"Charlotte, NC",,,891,"4300 McKee Rd Charlotte, NC 28270"
Diaspora,SUA,"Cleveland, OH",,,892,"1367 West 65th Street, Cleveland, OH 44102-2109"
Diaspora,SUA,"Norfolk, VA",,,893,"520 E Plume St, Norfolk, VA 23510"
Diaspora,SUA,"Easley, SC",,,894,"104 W 6th Avenue, Easley, SC, 29640"
Diaspora,SUA,"Potomac, MD",,,895,"9111 River Rd, Potomac, MD 20854"
Diaspora,SUA,Chicago 1,,,896,"737 N Michigan Ave, Chicago, Illinois, 60611"
Diaspora,SUA,Chicago 2,,,897,"6500 N Western, Chicago, IL 60645"
Diaspora,SUA,Chicago 3,,,898,"Mitropolia Sfintii Împărați Constantin și Elena, 5410 N. Newland Avenue, IL 60656"
Diaspora,SUA,Chicago 4,,,899,"5406 N Kedzie Ave, Chicago, IL 60625"
Diaspora,SUA,Chicago 5,,,900,"5825 N Mozart Street, Chicago, IL 60659"
Diaspora,SUA,Niles,,,901,"Logos Baptist Ministries (Scoala Logos), 7280 N Caldwell Ave., Niles, IL 60714"
Diaspora,SUA,Aurora,,,902,"Saint Athanasius Orthodox Church, 3003 N Eola Rd"
Diaspora,SUA,Michigan 1,,,903,"Descent of the Holy Ghost Orthodox Church, 31500 Ryan Road"
Diaspora,SUA,Michigan 2,,,904,"Biserica Aleluia, 46500 N Territorial Rd, Plymouth, MI 48170"
Diaspora,SUA,Indiana,,,905,"5440 Fall Creek Rd, Indianapolis, IN, 46226"
Diaspora,SUA,Minnesota,,,906,"Biserica Sfântul Ștefan 350 5th Avenue North, South Saint Paul, MN 55075"
Diaspora,SUA,Missouri,,,907,"Holy Trinity Romanian Church, 6420 Marmaduke Ave, St. Louis, MO 63139"
Diaspora,SUA,Los Angeles,,,908,"11766 Wilshire Blvd., apt. 200, cod poștal 90025, Los Angeles"
Diaspora,SUA,Anaheim,,,909,"1770 W Cerritos Avenue, cod poștal 92804, Anaheim"
Diaspora,SUA,Denver,,,910,"1555 Jay Street, Lakewood, cod poștal 80214"
Diaspora,SUA,Las Vegas,,,911,"1250 S Jones Blvd, Las Vegas, cod poștal  89146"
Diaspora,SUA,Phoenix,,,912,"Living Waters Romanian Church 3720 W. Sweetwater Ave., cod poștal 85029, Phoenix"
Diaspora,SUA,Portland,,,913,"5544 SE 128th Avenue, cod poștal 97236, Portland"
Diaspora,SUA,Sacramento,,,914,"5306 Walnut Avenue, Building A, cod poștal 95841, Sacramento"
Diaspora,SUA,Salt Lake City,,,915,"4180 Emigration Canyon Road, cod poștal 84108, Salt Lake City"
Diaspora,SUA,San Diego,,,916,"1936 Quivira Way, cod poștal 92109, San Diego"
Diaspora,SUA,San Francisco 1,,,917,"26050 Kay Ave, cod poștal 94545, Hayward"
Diaspora,SUA,San Francisco 2,,,918,"14871 Bancroft Ave, San Leandro, California"
Diaspora,SUA,Seattle,,,919,"6402 226th St SW, Mountlake Terrace, WA 98043"
Diaspora,SUA,Miami,,,920,"Miami, 1101 Brickell Ave, suite N 600, FL 33131"
Diaspora,SUA,Dacula,,,921,"Dacula, 2875 Winder Highway, Georgia 30019"
Diaspora,SUA,Dallas,,,922,"Dallas, 2312 Dorrrington Dr., Texas 75228"
Diaspora,SUA,Fort Myers,,,923,"Fort Myers, 128811 Kenwood Ln, Unit 117, Florida, 33907"
Diaspora,SUA,Houston,,,924,"Houston, 318 Canino Rd., Texas 77076"
Diaspora,SUA,Jacksonville,,,925,"Jacksonville, 1875 Live Oak DR, Florida, 32246-2138"
Diaspora,SUA,Miramar,,,926,"Miramar, 1850 SE 60 Terrace, Florida, 33023"
Diaspora,SUA,Naples,,,927,"Naples, 798 109th Ave. N, Florida, 34108"
Diaspora,SUA,San Antonio,,,928,"San Antonio, 26347 Boerne Stage Rd, Boerne Texas 78006"
Diaspora,SUA,Tampa,,,929,"Tampa, 7085 Pinnelas Park, 62nd Way N, Florida, 33781"
Diaspora,SUA,New York 1,,,930,"200 East, 38th Street, New York, NY 10016 (cu intrarea pe 3rd Avenue)"
Diaspora,SUA,New York 2,,,931,"200 East, 38th Street, New York, NY 10016 (cu intrarea pe 38th Street)"
Diaspora,SUA,Long Valley,,,932,"132 Califon Road, Long Valley, NJ 07853"
Diaspora,SUA,Philadelphia,,,933,"723 N Bodine Street, Philadelphia, PA 19123"
Diaspora,SUA,Queens,,,934,"90-34 139 Street, Jamaica, NY 11435"
Diaspora,SUA,Shelton,,,935,"183 Howe Avenue, Shelton, CT 06484"
Diaspora,SUA,Victor,,,936,"56 Andrews Street, Victor, NY 14564-1262"
Diaspora,SUA,Wakefield,,,937,"1 Audubon Road, Wakefield, MA 01880"
Diaspora,SUA,West Lawn,,,938,"51 West Lawn Avenue, West Lawn, PA 19609"
Diaspora,Suedia,Stockholm 1,,,939,"Östermalmsgatan 36, 114 26, Stockholm"
Diaspora,Suedia,Stockholm 2,,,940,"Skeppsbron 20, 111 30, Stockholm"
Diaspora,Suedia,Göteborg,,,941,"Elite Park Avenue Hotel, Kungsportsavenyn 36-38, 411 36 Göteborg"
Diaspora,Suedia,Malmö,,,942,"Elite Plaza Hotel, Gustav Adolfs Torg 49, 201 80 Malmö"
Diaspora,Suedia,Sölvesborg,,,943,"Tredenborgsvägen 16, 294 35 Sölvesborg"
Diaspora,Suedia,Uppsala,,,944,"Träffpunkt, Storgatan 11, 753 31 Uppsala"
Diaspora,Thailanda,Bangkok,,,945,"3388/41 Sirinrat Office Building, 12th floor, Rama IV Road, Klong Tan, Khlong Toei, Bangkok 10110"
Diaspora,Tunisia,Tunis,,,946,"4, Rue Essaheb Ibn Abbad, Placette Reine Marie de Roumanie, Cite Jardins, B.P.57-1004"
Diaspora,Turcia,Ankara,,,947,"Güvenevler Mahallesi, Farabi Sokak No:27, 06690 Çankaya, Ankara"
Diaspora,Turcia,Antalya,,,948,"Muratpașa Belediyesi Hizmet Binasi, 1.Kat, Fener Mahallesi, Tekelioǧlu Cad., No.63, 07160 Muratpașa/Antalya"
Diaspora,Turcia,Istanbul 1,,,949,"Str. Yanarsu, nr. 42, Etiler, Beșiktaș, 34337"
Diaspora,Turcia,Istanbul 2,,,950,"Str. Siraselviler, nr. 21, Taksim, Beyoglu, 34433"
Diaspora,Turcia,Izmir,,,951,"strada 1479, 9, cod poștal 35220, Alsancak, Izmir"
Diaspora,Turkmenistan,Ashgabat,,,952,"Str. Myati Kosayew nr. 122, 744000, Ashgabat"
Diaspora,Ucraina,Kiev,,,953,"str. Mihailo Kotsyubinsky nr. 8, cod poștal 01030, Kiev"
Diaspora,Ucraina,Solotvino,,,954,"str. Sportivna nr. 112, 90575, Solotvino"
Diaspora,Ucraina,Cernăuți,,,955,"Str. Șkilna (Școlii). Nr. 16, CP 58000, Cernăuți, regiunea Cernăuți"
Diaspora,Ungaria,Budapesta 1,,,956,"Thokoly ut 72, 1146 Budapesta"
Diaspora,Ungaria,Budapesta 2,,,957,"Thokoly ut 72, 1146 Budapesta"
Diaspora,Ungaria,Budapesta 3,,,958,"Izso u 5, 1146 Budapesta"
Diaspora,Ungaria,Budapesta 4,,,959,"Izso u 5, 1146 Budapesta"
Diaspora,Ungaria,Szeged,,,960,"Kelemen László utca 5, Szeged, 6720"
Diaspora,Ungaria,Gyula,,,961,"Munkácsy Mihály u.12, 5700 Gyula"
Diaspora,Uruguay,Montevideo,,,962,"Calle Echevarriarza, no. 3452, Pocitos, Montevideo, CP 11300"
Diaspora,Uzbekistan,Tașkent,,,963,"Strada Zanjirbog, nr. 44A, raion Yakassaroy, Tașkent, cod poștal 100031"
Diaspora,Republica Socialistă Vietnam,Hanoi,,,964,"Str. Le Hong Phong, nr. 5, district Ba Dinh, Hanoi, cod poștal 100000"
Diaspora,Zimbabwe,Harare,,,965,"105 Simon Muzenda St., Harare"
